,sensor [K-33 ELG],,,
,CO2,Temperature,Humidity,
01/14/23 16:28:59.813,"771","19.21","60.82",
01/14/23 16:29:59.815,"761","19.33","59.93",
01/14/23 16:30:59.808,"758","19.4","59.56",
01/14/23 16:31:59.812,"760","19.48","59.38",
01/14/23 16:32:59.814,"750","19.5","59.17",
01/14/23 16:33:59.801,"756","19.54","59.01",
01/14/23 16:34:59.803,"750","19.6","58.83",
01/14/23 16:35:59.801,"744","19.62","58.68",
01/14/23 16:36:59.814,"744","19.63","58.62",
01/14/23 16:37:59.803,"747","19.64","58.52",
01/14/23 16:38:59.816,"750","19.65","58.43",
01/14/23 16:39:59.812,"748","19.68","58.37",
01/14/23 16:40:59.807,"748","19.69","58.3",
01/14/23 16:41:59.813,"749","19.7","58.24",
01/14/23 16:42:59.810,"748","19.7","58.21",
01/14/23 16:43:59.808,"749","19.7","58.27",
01/14/23 16:44:59.803,"754","19.68","58.27",
01/14/23 16:45:59.809,"751","19.7","58.21",
01/14/23 16:46:59.817,"755","19.68","58.11",
01/14/23 16:47:59.807,"752","19.72","58.21",
01/14/23 16:48:59.803,"754","19.72","58.21",
01/14/23 16:49:59.813,"755","19.69","58.15",
01/14/23 16:50:59.803,"759","19.69","58.11",
01/14/23 16:51:59.807,"764","19.66","58.11",
01/14/23 16:52:59.814,"764","19.68","58.08",
01/14/23 16:53:59.803,"750","19.67","57.77",
01/14/23 16:54:59.809,"754","19.68","57.93",
01/14/23 16:55:59.804,"755","19.67","57.8",
01/14/23 16:56:59.812,"752","19.66","57.74",
01/14/23 16:57:59.806,"748","19.65","57.33",
01/14/23 16:58:59.816,"747","19.64","57.27",
01/14/23 16:59:59.806,"738","19.64","57.46",
01/14/23 17:00:59.810,"749","19.66","57.36",
01/14/23 17:01:59.815,"740","19.62","57.42",
01/14/23 17:02:59.806,"746","19.64","57.39",
01/14/23 17:03:59.812,"740","19.64","57.36",
01/14/23 17:04:59.816,"745","19.63","57.36",
01/14/23 17:05:59.804,"745","19.65","57.33",
01/14/23 17:06:59.807,"733","19.64","57.33",
01/14/23 17:07:59.816,"740","19.64","57.36",
01/14/23 17:08:59.811,"740","19.64","57.36",
01/14/23 17:09:59.804,"744","19.63","57.39",
01/14/23 17:10:59.808,"742","19.63","57.36",
01/14/23 17:11:59.816,"742","19.63","57.36",
01/14/23 17:12:59.808,"741","19.62","57.36",
01/14/23 17:13:59.815,"745","19.62","57.36",
01/14/23 17:14:59.808,"744","19.6","57.39",
01/14/23 17:15:59.812,"743","19.61","57.33",
01/14/23 17:16:59.816,"750","19.6","57.3",
01/14/23 17:17:59.808,"742","19.6","57.33",
01/14/23 17:18:59.813,"740","19.6","57.33",
01/14/23 17:19:59.818,"740","19.58","57.3",
01/14/23 17:20:59.807,"746","19.58","57.33",
01/14/23 17:21:59.810,"744","19.56","57.36",
01/14/23 17:22:59.818,"741","19.57","57.36",
01/14/23 17:23:59.812,"740","19.54","57.39",
01/14/23 17:24:59.819,"726","19.55","57.24",
01/14/23 17:25:59.811,"721","19.54","56.92",
01/14/23 17:26:59.807,"735","19.55","57.08",
01/14/23 17:27:59.817,"735","19.54","57.14",
01/14/23 17:28:59.810,"736","19.53","57.17",
01/14/23 17:29:59.814,"731","19.49","57.05",
01/14/23 17:30:59.818,"713","19.49","57.08",
01/14/23 17:31:59.805,"718","19.48","56.92",
01/14/23 17:32:59.813,"713","19.48","56.73",
01/14/23 17:33:59.819,"716","19.48","56.58",
01/14/23 17:34:59.810,"729","19.5","56.77",
01/14/23 17:35:59.813,"732","19.51","56.95",
01/14/23 17:36:59.806,"738","19.56","56.99",
01/14/23 17:37:59.819,"741","19.65","56.83",
01/14/23 17:38:59.813,"752","19.76","56.48",
01/14/23 17:39:59.809,"749","19.83","56.26",
01/14/23 17:40:59.814,"743","19.85","56.14",
01/14/23 17:41:59.810,"745","19.89","56.17",
01/14/23 17:42:59.820,"750","19.89","56.23",
01/14/23 17:43:59.811,"750","19.88","56.14",
01/14/23 17:44:59.818,"752","19.9","56.17",
01/14/23 17:45:59.808,"748","19.91","56.11",
01/14/23 17:46:59.812,"743","19.91","56.08",
01/14/23 17:47:59.816,"746","19.88","56.04",
01/14/23 17:48:59.820,"743","19.88","56.08",
01/14/23 17:49:59.810,"745","19.88","56.11",
01/14/23 17:50:59.817,"742","19.86","56.08",
01/14/23 17:51:59.806,"742","19.86","56.08",
01/14/23 17:52:59.817,"743","19.86","56.11",
01/14/23 17:53:59.808,"739","19.85","56.11",
01/14/23 17:54:59.813,"742","19.84","56.11",
01/14/23 17:55:59.818,"739","19.84","56.17",
01/14/23 17:56:59.816,"739","19.82","56.17",
01/14/23 17:57:59.810,"743","19.82","56.2",
01/14/23 17:58:59.817,"735","19.82","56.17",
01/14/23 17:59:59.808,"741","19.82","56.14",
01/14/23 18:00:59.814,"736","19.8","56.14",
01/14/23 18:01:59.816,"741","19.8","56.2",
01/14/23 18:02:59.821,"738","19.8","56.17",
01/14/23 18:03:59.810,"739","19.78","56.2",
01/14/23 18:04:59.813,"739","19.76","56.26",
01/14/23 18:05:59.822,"736","19.77","56.2",
01/14/23 18:06:59.813,"735","19.77","56.17",
01/14/23 18:07:59.807,"738","19.76","56.2",
01/14/23 18:08:59.818,"742","19.77","56.23",
01/14/23 18:09:59.813,"741","19.76","56.3",
01/14/23 18:10:59.809,"740","19.76","56.33",
01/14/23 18:11:59.814,"745","19.78","56.36",
01/14/23 18:12:59.821,"743","19.76","56.39",
01/14/23 18:13:59.810,"746","19.76","56.39",
01/14/23 18:14:59.815,"743","19.76","56.42",
01/14/23 18:15:59.818,"743","19.76","56.42",
01/14/23 18:16:59.808,"742","19.77","56.39",
01/14/23 18:17:59.814,"744","19.76","56.42",
01/14/23 18:18:59.808,"746","19.75","56.42",
01/14/23 18:19:59.813,"748","19.76","56.42",
01/14/23 18:20:59.817,"745","19.76","56.39",
01/14/23 18:21:59.818,"746","19.75","56.36",
01/14/23 18:22:59.814,"749","19.75","56.33",
01/14/23 18:23:59.809,"746","19.73","56.39",
01/14/23 18:24:59.822,"748","19.72","56.51",
01/14/23 18:25:59.814,"746","19.72","56.48",
01/14/23 18:26:59.808,"749","19.74","56.51",
01/14/23 18:27:59.814,"748","19.74","56.45",
01/14/23 18:28:59.822,"748","19.73","56.45",
01/14/23 18:29:59.815,"748","19.71","56.55",
01/14/23 18:30:59.819,"754","19.72","56.51",
01/14/23 18:31:59.822,"751","19.72","56.51",
01/14/23 18:32:59.811,"747","19.73","56.48",
01/14/23 18:33:59.814,"748","19.71","56.48",
01/14/23 18:34:59.818,"748","19.7","56.48",
01/14/23 18:35:59.821,"750","19.7","56.48",
01/14/23 18:36:59.809,"748","19.7","56.51",
01/14/23 18:37:59.821,"748","19.71","56.45",
01/14/23 18:38:59.815,"750","19.68","56.48",
01/14/23 18:39:59.811,"749","19.7","56.48",
01/14/23 18:40:59.818,"751","19.7","56.48",
01/14/23 18:41:59.824,"745","19.69","56.45",
01/14/23 18:42:59.817,"750","19.68","56.51",
01/14/23 18:43:59.816,"749","19.68","56.51",
01/14/23 18:44:59.821,"747","19.68","56.51",
01/14/23 18:45:59.810,"748","19.69","56.51",
01/14/23 18:46:59.812,"754","19.69","56.55",
01/14/23 18:47:59.822,"752","19.69","56.58",
01/14/23 18:48:59.821,"756","19.68","56.58",
01/14/23 18:49:59.812,"757","19.69","56.55",
01/14/23 18:50:59.817,"757","19.68","56.55",
01/14/23 18:51:59.820,"757","19.68","56.51",
01/14/23 18:52:59.819,"753","19.68","56.51",
01/14/23 18:53:59.820,"758","19.67","56.51",
01/14/23 18:54:59.810,"757","19.67","56.55",
01/14/23 18:55:59.823,"759","19.66","56.55",
01/14/23 18:56:59.811,"760","19.67","56.55",
01/14/23 18:57:59.823,"754","19.66","56.51",
01/14/23 18:58:59.815,"755","19.66","56.51",
01/14/23 18:59:59.822,"759","19.66","56.51",
01/14/23 19:00:59.825,"753","19.64","56.51",
01/14/23 19:01:59.813,"759","19.64","56.51",
01/14/23 19:02:59.819,"758","19.65","56.51",
01/14/23 19:03:59.823,"760","19.65","56.51",
01/14/23 19:04:59.813,"757","19.63","56.51",
01/14/23 19:05:59.819,"756","19.64","56.51",
01/14/23 19:06:59.825,"756","19.62","56.48",
01/14/23 19:07:59.818,"759","19.64","56.48",
01/14/23 19:08:59.813,"756","19.63","56.48",
01/14/23 19:09:59.825,"760","19.62","56.48",
01/14/23 19:10:59.818,"763","19.62","56.61",
01/14/23 19:11:59.815,"758","19.61","56.55",
01/14/23 19:12:59.824,"762","19.61","56.58",
01/14/23 19:13:59.813,"757","19.62","56.58",
01/14/23 19:14:59.818,"764","19.62","56.58",
01/14/23 19:15:59.822,"761","19.63","56.58",
01/14/23 19:16:59.825,"760","19.62","56.58",
01/14/23 19:17:59.815,"765","19.62","56.58",
01/14/23 19:18:59.820,"765","19.62","56.58",
01/14/23 19:19:59.824,"761","19.62","56.61",
01/14/23 19:20:59.814,"767","19.62","56.64",
01/14/23 19:21:59.817,"769","19.62","56.64",
01/14/23 19:22:59.823,"772","19.63","56.64",
01/14/23 19:23:59.816,"769","19.61","56.61",
01/14/23 19:24:59.822,"773","19.62","56.58",
01/14/23 19:25:59.813,"770","19.62","56.58",
01/14/23 19:26:59.827,"773","19.62","56.58",
01/14/23 19:27:59.824,"771","19.6","56.61",
01/14/23 19:28:59.813,"774","19.6","56.67",
01/14/23 19:29:59.825,"769","19.62","56.67",
01/14/23 19:30:59.815,"846","19.64","57.77",
01/14/23 19:31:59.819,"861","19.74","57.74",
01/14/23 19:32:59.823,"886","19.86","57.61",
01/14/23 19:33:59.826,"840","19.89","57.08",
01/14/23 19:34:59.814,"796","19.92","56.2",
01/14/23 19:35:59.819,"807","19.92","56.36",
01/14/23 19:36:59.823,"806","19.92","56.26",
01/14/23 19:37:59.819,"800","19.95","56.17",
01/14/23 19:38:59.813,"804","19.94","56.08",
01/14/23 19:39:59.820,"805","19.94","56.08",
01/14/23 19:40:59.824,"801","19.91","56.08",
01/14/23 19:41:59.825,"801","19.93","56.08",
01/14/23 19:42:59.819,"808","19.91","56.11",
01/14/23 19:43:55.974,"798","19.89","56.08",
01/14/23 19:44:55.967,"793","19.9","56.04",
01/14/23 19:45:55.970,"799","19.89","56.08",
01/14/23 19:46:55.971,"802","19.88","56.17",
01/14/23 19:47:55.975,"805","19.9","56.39",
01/14/23 19:48:55.972,"826","19.9","56.51",
01/14/23 19:49:55.978,"844","19.9","56.8",
01/14/23 19:50:55.980,"862","19.88","57.17",
01/14/23 19:51:55.967,"870","19.89","57.24",
01/14/23 19:52:55.972,"867","19.88","57.2",
01/14/23 19:53:55.975,"881","19.88","57.52",
01/14/23 19:54:55.978,"884","19.88","57.55",
01/14/23 19:55:55.980,"889","19.87","57.58",
01/14/23 19:56:55.970,"893","19.86","57.71",
01/14/23 19:57:55.975,"893","19.86","57.8",
01/14/23 19:58:55.979,"890","19.84","57.74",
01/14/23 19:59:55.968,"894","19.84","57.74",
01/14/23 20:00:55.970,"892","19.84","57.64",
01/14/23 20:01:55.978,"893","19.82","57.61",
01/14/23 20:02:55.969,"884","19.84","57.58",
01/14/23 20:03:55.975,"884","19.82","57.58",
01/14/23 20:04:55.978,"885","19.82","57.55",
01/14/23 20:05:55.982,"882","19.82","57.52",
01/14/23 20:06:55.980,"882","19.8","57.52",
01/14/23 20:07:55.972,"880","19.79","57.52",
01/14/23 20:08:55.969,"878","19.8","57.49",
01/14/23 20:09:55.973,"877","19.8","57.46",
01/14/23 20:10:55.969,"875","19.79","57.42",
01/14/23 20:11:55.979,"872","19.81","57.46",
01/14/23 20:12:55.974,"871","19.78","57.42",
01/14/23 20:13:55.978,"874","19.77","57.39",
01/14/23 20:14:55.983,"877","19.76","57.49",
01/14/23 20:15:55.971,"877","19.78","57.55",
01/14/23 20:16:55.974,"876","19.78","57.52",
01/14/23 20:17:55.982,"877","19.78","57.58",
01/14/23 20:18:55.981,"885","19.78","57.55",
01/14/23 20:19:55.969,"877","19.77","57.58",
01/14/23 20:20:55.975,"885","19.78","57.68",
01/14/23 20:21:55.976,"893","19.76","57.71",
01/14/23 20:22:55.971,"900","19.77","57.8",
01/14/23 20:23:55.977,"900","19.78","57.86",
01/14/23 20:24:55.975,"902","19.75","57.96",
01/14/23 20:25:55.982,"912","19.77","58.05",
01/14/23 20:26:55.971,"912","19.75","58.11",
01/14/23 20:27:55.979,"913","19.75","58.08",
01/14/23 20:28:55.984,"911","19.75","57.99",
01/14/23 20:29:55.984,"910","19.74","57.96",
01/14/23 20:30:55.974,"909","19.72","58.02",
01/14/23 20:31:55.970,"910","19.72","57.99",
01/14/23 20:32:55.977,"906","19.73","57.93",
01/14/23 20:33:55.984,"910","19.72","57.93",
01/14/23 20:34:55.971,"914","19.72","57.96",
01/14/23 20:35:55.975,"915","19.72","58.02",
01/14/23 20:36:55.980,"909","19.72","57.93",
01/14/23 20:37:55.982,"914","19.72","57.96",
01/14/23 20:38:55.981,"908","19.71","57.93",
01/14/23 20:39:55.974,"910","19.7","57.96",
01/14/23 20:40:55.976,"914","19.68","58.02",
01/14/23 20:41:55.975,"913","19.68","58.02",
01/14/23 20:42:55.984,"916","19.67","58.05",
01/14/23 20:43:55.975,"915","19.69","58.05",
01/14/23 20:44:55.979,"921","19.68","58.11",
01/14/23 20:45:55.984,"916","19.68","58.11",
01/14/23 20:46:55.977,"918","19.67","58.15",
01/14/23 20:47:55.984,"918","19.66","58.18",
01/14/23 20:48:55.978,"925","19.67","58.24",
01/14/23 20:49:55.982,"922","19.68","58.21",
01/14/23 20:50:55.984,"924","19.66","58.27",
01/14/23 20:51:55.974,"930","19.66","58.27",
01/14/23 20:52:55.979,"925","19.66","58.33",
01/14/23 20:53:55.978,"926","19.65","58.33",
01/14/23 20:54:55.982,"934","19.66","58.46",
01/14/23 20:55:55.986,"942","19.66","58.49",
01/14/23 20:56:55.976,"933","19.64","58.49",
01/14/23 20:57:55.985,"931","19.65","58.43",
01/14/23 20:58:55.979,"931","19.64","58.43",
01/14/23 20:59:55.985,"929","19.64","58.3",
01/14/23 21:00:55.972,"929","19.66","58.24",
01/14/23 21:01:55.976,"928","19.64","58.21",
01/14/23 21:02:55.980,"927","19.64","58.21",
01/14/23 21:03:55.985,"921","19.62","58.21",
01/14/23 21:04:55.973,"925","19.62","58.18",
01/14/23 21:05:55.976,"920","19.61","58.15",
01/14/23 21:06:55.981,"924","19.6","58.11",
01/14/23 21:07:55.973,"919","19.61","58.11",
01/14/23 21:08:55.984,"921","19.61","58.11",
01/14/23 21:09:55.977,"933","19.62","58.43",
01/14/23 21:10:55.985,"926","19.63","58.08",
01/14/23 21:11:55.974,"919","19.65","58.05",
01/14/23 21:12:55.987,"906","19.72","57.83",
01/14/23 21:13:55.980,"942","19.8","57.89",
01/14/23 21:14:55.986,"960","19.88","58.21",
01/14/23 21:15:55.973,"953","19.9","57.83",
01/14/23 21:16:55.980,"929","19.92","57.49",
01/14/23 21:17:55.986,"927","19.94","57.42",
01/14/23 21:18:55.979,"930","19.93","57.49",
01/14/23 21:19:55.985,"943","19.93","57.61",
01/14/23 21:20:55.975,"947","19.91","57.71",
01/14/23 21:21:55.978,"949","19.9","57.74",
01/14/23 21:22:55.986,"953","19.88","57.74",
01/14/23 21:23:55.978,"948","19.88","57.77",
01/14/23 21:24:55.981,"948","19.88","57.71",
01/14/23 21:25:55.978,"948","19.86","57.77",
01/14/23 21:26:55.983,"944","19.86","57.77",
01/14/23 21:27:55.980,"951","19.85","57.8",
01/14/23 21:28:55.985,"949","19.83","57.86",
01/14/23 21:29:55.985,"949","19.82","57.86",
01/14/23 21:30:55.977,"947","19.8","57.83",
01/14/23 21:31:55.980,"944","19.79","57.8",
01/14/23 21:32:55.989,"948","19.8","57.83",
01/14/23 21:33:55.977,"944","19.79","57.83",
01/14/23 21:34:55.979,"940","19.78","57.8",
01/14/23 21:35:55.981,"936","19.78","57.77",
01/14/23 21:36:55.987,"939","19.76","57.83",
01/14/23 21:37:55.980,"935","19.74","57.8",
01/14/23 21:38:55.983,"932","19.74","57.83",
01/14/23 21:39:55.989,"933","19.75","57.77",
01/14/23 21:40:55.978,"933","19.75","57.77",
01/14/23 21:41:55.982,"932","19.74","57.77",
01/14/23 21:42:55.976,"936","19.74","57.77",
01/14/23 21:43:55.981,"929","19.73","57.77",
01/14/23 21:44:55.989,"931","19.72","57.77",
01/14/23 21:45:55.979,"935","19.73","57.8",
01/14/23 21:46:55.983,"929","19.73","57.8",
01/14/23 21:47:55.974,"933","19.72","57.83",
01/14/23 21:48:55.979,"928","19.71","57.83",
01/14/23 21:49:55.981,"931","19.7","57.89",
01/14/23 21:50:55.984,"931","19.69","57.96",
01/14/23 21:51:55.986,"936","19.68","57.99",
01/14/23 21:52:55.981,"935","19.69","57.93",
01/14/23 21:53:55.984,"933","19.68","57.96",
01/14/23 21:54:55.988,"938","19.67","57.99",
01/14/23 21:55:55.976,"940","19.68","58.02",
01/14/23 21:56:55.981,"932","19.68","58.08",
01/14/23 21:57:55.988,"937","19.67","58.08",
01/14/23 21:58:55.982,"936","19.67","57.96",
01/14/23 21:59:55.986,"939","19.67","58.02",
01/14/23 22:00:55.991,"935","19.66","57.96",
01/14/23 22:01:55.980,"938","19.64","57.96",
01/14/23 22:02:55.985,"933","19.65","57.96",
01/14/23 22:03:55.976,"930","19.64","57.93",
01/14/23 22:04:55.979,"936","19.64","57.89",
01/14/23 22:05:55.984,"934","19.64","57.86",
01/14/23 22:06:55.989,"926","19.64","57.86",
01/14/23 22:07:55.980,"936","19.64","57.86",
01/14/23 22:08:55.988,"931","19.63","57.86",
01/14/23 22:09:55.979,"929","19.62","57.83",
01/14/23 22:10:55.984,"928","19.63","57.83",
01/14/23 22:11:55.988,"928","19.62","57.86",
01/14/23 22:12:55.980,"931","19.62","57.83",
01/14/23 22:13:55.986,"935","19.6","57.93",
01/14/23 22:14:55.991,"938","19.6","57.93",
01/14/23 22:15:55.978,"932","19.6","57.99",
01/14/23 22:16:55.981,"939","19.59","58.08",
01/14/23 22:17:55.986,"939","19.6","58.02",
01/14/23 22:18:55.990,"942","19.59","58.02",
01/14/23 22:19:55.978,"937","19.6","58.02",
01/14/23 22:20:55.980,"935","19.59","57.99",
01/14/23 22:21:55.985,"937","19.58","57.96",
01/14/23 22:22:55.981,"938","19.58","57.99",
01/14/23 22:23:55.988,"934","19.58","57.99",
01/14/23 22:24:55.987,"939","19.57","57.93",
01/14/23 22:25:55.981,"936","19.56","57.89",
01/14/23 22:26:55.988,"928","19.56","57.89",
01/14/23 22:27:55.988,"936","19.56","57.86",
01/14/23 22:28:55.978,"931","19.58","57.86",
01/14/23 22:29:55.980,"939","19.55","57.86",
01/14/23 22:30:55.984,"936","19.54","57.83",
01/14/23 22:31:55.989,"933","19.54","57.77",
01/14/23 22:32:55.988,"933","19.54","57.74",
01/14/23 22:33:55.993,"931","19.53","57.74",
01/14/23 22:34:55.982,"931","19.52","57.71",
01/14/23 22:35:55.990,"931","19.52","57.68",
01/14/23 22:36:55.981,"932","19.52","57.64",
01/14/23 22:37:55.985,"937","19.52","57.68",
01/14/23 22:38:55.989,"942","19.52","57.64",
01/14/23 22:39:55.980,"949","19.54","57.52",
01/14/23 22:40:55.986,"1002","19.61","58.27",
01/14/23 22:41:55.986,"1026","19.76","57.99",
01/14/23 22:42:55.991,"1028","19.81","57.77",
01/14/23 22:43:55.985,"979","19.85","57.17",
01/14/23 22:44:55.998,"978","19.86","56.86",
01/14/23 22:45:55.996,"991","19.87","56.89",
01/14/23 22:46:55.996,"986","19.88","56.8",
01/14/23 22:47:55.987,"976","19.86","56.73",
01/14/23 22:48:55.998,"968","19.88","56.67",
01/14/23 22:49:55.989,"974","19.87","56.67",
01/14/23 22:50:55.991,"970","19.86","56.64",
01/14/23 22:51:55.999,"968","19.84","56.8",
01/14/23 22:52:56.001,"970","19.83","56.86",
01/14/23 22:53:55.987,"972","19.82","56.86",
01/14/23 22:54:55.995,"977","19.8","56.89",
01/14/23 22:55:55.999,"982","19.8","56.95",
01/14/23 22:56:55.988,"981","19.78","57.02",
01/14/23 22:57:55.991,"980","19.77","56.99",
01/14/23 22:58:55.999,"989","19.76","57.05",
01/14/23 22:59:55.994,"993","19.75","57.08",
01/14/23 23:00:55.997,"989","19.75","57.08",
01/14/23 23:01:55.995,"988","19.74","57.11",
01/14/23 23:02:56.001,"984","19.72","57.08",
01/14/23 23:03:55.993,"988","19.72","57.08",
01/14/23 23:04:55.999,"983","19.7","57.05",
01/14/23 23:05:55.991,"985","19.68","57.05",
01/14/23 23:06:56.002,"978","19.69","57.02",
01/14/23 23:07:55.997,"981","19.68","56.99",
01/14/23 23:08:55.988,"974","19.67","57.02",
01/14/23 23:09:56.000,"971","19.65","57.05",
01/14/23 23:10:55.990,"980","19.65","56.99",
01/14/23 23:11:56.002,"977","19.66","56.95",
01/14/23 23:12:55.987,"980","19.64","57.02",
01/14/23 23:13:56.002,"975","19.64","57.02",
01/14/23 23:14:55.996,"977","19.62","57.02",
01/14/23 23:15:55.999,"980","19.62","57.02",
01/14/23 23:16:56.001,"980","19.61","57.02",
01/14/23 23:17:55.997,"981","19.61","57.02",
01/14/23 23:18:56.002,"986","19.61","57.02",
01/14/23 23:19:55.991,"979","19.6","57.02",
01/14/23 23:20:55.995,"983","19.59","57.02",
01/14/23 23:21:55.998,"985","19.59","57.02",
01/14/23 23:22:56.003,"987","19.58","57.02",
01/14/23 23:23:55.999,"987","19.58","56.99",
01/14/23 23:24:55.998,"994","19.57","57.08",
01/14/23 23:25:55.996,"995","19.58","57.08",
01/14/23 23:26:55.994,"997","19.58","57.05",
01/14/23 23:27:55.988,"1002","19.58","57.08",
01/14/23 23:28:55.994,"1002","19.56","57.11",
01/14/23 23:29:56.000,"1000","19.58","57.08",
01/14/23 23:30:56.004,"1004","19.56","57.11",
01/14/23 23:31:55.999,"1002","19.56","57.08",
01/14/23 23:32:55.996,"998","19.55","57.05",
01/14/23 23:33:56.000,"999","19.56","57.05",
01/14/23 23:34:55.992,"999","19.54","57.05",
01/14/23 23:35:55.989,"1003","19.54","57.02",
01/14/23 23:36:55.994,"1004","19.54","57.05",
01/14/23 23:37:55.999,"1003","19.53","57.05",
01/14/23 23:38:55.995,"1002","19.52","57.08",
01/14/23 23:39:56.002,"1002","19.52","57.08",
01/14/23 23:40:55.995,"1000","19.51","57.02",
01/14/23 23:41:56.003,"1002","19.52","57.08",
01/14/23 23:42:55.993,"1004","19.5","57.05",
01/14/23 23:43:56.005,"1006","19.5","57.08",
01/14/23 23:44:55.997,"1002","19.49","57.08",
01/14/23 23:45:56.001,"1005","19.48","57.08",
01/14/23 23:46:56.005,"1004","19.49","57.08",
01/14/23 23:47:55.997,"1004","19.48","57.08",
01/14/23 23:48:56.001,"1003","19.5","57.05",
01/14/23 23:49:56.005,"1006","19.47","57.08",
01/14/23 23:50:55.992,"1008","19.48","57.08",
01/14/23 23:51:55.994,"1005","19.48","57.05",
01/14/23 23:52:56.003,"1009","19.47","57.02",
01/14/23 23:53:55.991,"1010","19.48","56.89",
01/14/23 23:54:55.996,"1014","19.48","56.92",
01/14/23 23:55:56.005,"1018","19.48","57.02",
01/14/23 23:56:55.995,"1024","19.47","57.05",
01/14/23 23:57:55.992,"1022","19.47","57.05",
01/14/23 23:58:56.002,"1024","19.47","57.05",
01/14/23 23:59:55.991,"1027","19.45","57.11",
01/15/23 0:00:56.000,"1034","19.45","57.14",
01/15/23 0:01:55.991,"1039","19.46","57.14",
01/15/23 0:02:55.991,"1035","19.46","57.14",
01/15/23 0:03:55.999,"1042","19.45","57.11",
01/15/23 0:04:56.001,"1048","19.44","57.14",
01/15/23 0:05:55.992,"1044","19.43","57.14",
01/15/23 0:06:55.995,"1045","19.42","57.14",
01/15/23 0:07:56.006,"1044","19.43","57.11",
01/15/23 0:08:56.001,"1045","19.43","57.11",
01/15/23 0:09:55.992,"1043","19.41","57.11",
01/15/23 0:10:55.997,"1043","19.41","57.08",
01/15/23 0:11:56.002,"1043","19.42","57.05",
01/15/23 0:12:55.998,"1046","19.42","57.08",
01/15/23 0:13:55.991,"1041","19.41","57.11",
01/15/23 0:14:56.000,"1046","19.41","57.11",
01/15/23 0:15:56.004,"1054","19.4","57.2",
01/15/23 0:16:56.006,"1063","19.4","57.11",
01/15/23 0:17:55.997,"1104","19.44","57.71",
01/15/23 0:18:56.001,"1133","19.54","57.71",
01/15/23 0:19:56.003,"1173","19.64","58.15",
01/15/23 0:20:56.005,"1136","19.72","57.3",
01/15/23 0:21:55.993,"1131","19.74","57.11",
01/15/23 0:22:55.997,"1119","19.77","56.89",
01/15/23 0:23:56.007,"1123","19.76","56.83",
01/15/23 0:24:55.996,"1125","19.76","56.77",
01/15/23 0:25:56.004,"1128","19.77","56.77",
01/15/23 0:26:55.997,"1127","19.76","56.8",
01/15/23 0:27:56.006,"1116","19.75","56.77",
01/15/23 0:28:55.995,"1117","19.74","56.73",
01/15/23 0:29:55.993,"1108","19.73","56.77",
01/15/23 0:30:56.001,"1109","19.72","56.77",
01/15/23 0:31:55.995,"1108","19.72","56.77",
01/15/23 0:32:55.997,"1104","19.69","56.83",
01/15/23 0:33:56.004,"1102","19.68","56.86",
01/15/23 0:34:56.008,"1102","19.67","56.86",
01/15/23 0:35:55.995,"1100","19.65","56.83",
01/15/23 0:36:56.000,"1099","19.65","56.83",
01/15/23 0:37:56.006,"1096","19.66","56.8",
01/15/23 0:38:55.997,"1091","19.64","56.77",
01/15/23 0:39:55.999,"1087","19.62","56.77",
01/15/23 0:40:56.007,"1084","19.62","56.8",
01/15/23 0:41:56.004,"1079","19.6","56.8",
01/15/23 0:42:56.004,"1077","19.59","56.83",
01/15/23 0:43:55.994,"1077","19.57","56.83",
01/15/23 0:44:56.005,"1075","19.58","56.8",
01/15/23 0:45:55.996,"1074","19.58","56.8",
01/15/23 0:46:55.998,"1070","19.58","56.73",
01/15/23 0:47:56.002,"1073","19.56","56.77",
01/15/23 0:48:56.010,"1072","19.56","56.8",
01/15/23 0:49:55.999,"1067","19.54","56.77",
01/15/23 0:50:55.999,"1066","19.54","56.77",
01/15/23 0:51:56.006,"1063","19.54","56.77",
01/15/23 0:52:56.000,"1063","19.54","56.77",
01/15/23 0:53:56.005,"1068","19.53","56.8",
01/15/23 0:54:56.009,"1067","19.54","56.77",
01/15/23 0:55:55.997,"1067","19.52","56.8",
01/15/23 0:56:56.004,"1067","19.54","56.8",
01/15/23 0:57:55.995,"1069","19.52","56.83",
01/15/23 0:58:56.004,"1078","19.5","56.89",
01/15/23 0:59:56.008,"1073","19.51","56.89",
01/15/23 1:00:56.008,"1071","19.5","56.89",
01/15/23 1:01:56.002,"1069","19.5","56.89",
01/15/23 1:02:56.008,"1073","19.51","56.89",
01/15/23 1:03:55.997,"1069","19.5","56.89",
01/15/23 1:04:56.000,"1070","19.51","56.89",
01/15/23 1:05:56.005,"1069","19.5","56.86",
01/15/23 1:06:56.010,"1069","19.49","56.89",
01/15/23 1:07:56.004,"1069","19.5","56.83",
01/15/23 1:08:55.998,"1065","19.48","56.83",
01/15/23 1:09:56.007,"1057","19.48","56.8",
01/15/23 1:10:56.009,"1059","19.5","56.77",
01/15/23 1:11:55.998,"1057","19.46","56.8",
01/15/23 1:12:56.008,"1057","19.46","56.8",
01/15/23 1:13:56.004,"1053","19.44","56.77",
01/15/23 1:14:56.008,"1052","19.44","56.8",
01/15/23 1:15:55.998,"1049","19.44","56.83",
01/15/23 1:16:56.002,"1051","19.44","56.83",
01/15/23 1:17:56.009,"1047","19.44","56.8",
01/15/23 1:18:56.000,"1047","19.43","56.8",
01/15/23 1:19:56.003,"1048","19.41","56.8",
01/15/23 1:20:56.007,"1044","19.42","56.8",
01/15/23 1:21:56.009,"1042","19.42","56.8",
01/15/23 1:22:56.007,"1044","19.41","56.8",
01/15/23 1:23:56.002,"1043","19.4","56.77",
01/15/23 1:24:56.009,"1050","19.4","56.83",
01/15/23 1:25:56.002,"1051","19.4","56.83",
01/15/23 1:26:56.011,"1044","19.39","56.77",
01/15/23 1:27:56.009,"1045","19.37","56.8",
01/15/23 1:28:56.001,"1045","19.38","56.8",
01/15/23 1:29:56.011,"1045","19.36","56.86",
01/15/23 1:30:56.014,"1047","19.36","56.86",
01/15/23 1:31:56.000,"1047","19.36","56.86",
01/15/23 1:32:56.007,"1048","19.38","56.86",
01/15/23 1:33:56.012,"1043","19.36","56.83",
01/15/23 1:34:56.000,"1050","19.36","56.86",
01/15/23 1:35:56.002,"1052","19.36","56.86",
01/15/23 1:36:56.001,"1054","19.34","56.86",
01/15/23 1:37:56.010,"1051","19.33","56.86",
01/15/23 1:38:56.003,"1054","19.32","56.86",
01/15/23 1:39:56.012,"1046","19.34","56.83",
01/15/23 1:40:56.007,"1045","19.32","56.86",
01/15/23 1:41:56.012,"1041","19.32","56.83",
01/15/23 1:42:56.006,"1044","19.32","56.83",
01/15/23 1:43:56.000,"1040","19.3","56.83",
01/15/23 1:44:56.003,"1041","19.32","56.8",
01/15/23 1:45:56.007,"1044","19.32","56.83",
01/15/23 1:46:56.010,"1068","19.35","56.89",
01/15/23 1:47:56.000,"1102","19.39","57.17",
01/15/23 1:48:56.004,"1119","19.47","57.55",
01/15/23 1:49:56.009,"1115","19.58","57.11",
01/15/23 1:50:56.010,"1130","19.61","57.05",
01/15/23 1:51:56.014,"1099","19.63","56.64",
01/15/23 1:52:56.010,"1074","19.64","56.45",
01/15/23 1:53:56.008,"1081","19.62","56.45",
01/15/23 1:54:56.013,"1079","19.62","56.42",
01/15/23 1:55:56.016,"1078","19.6","56.42",
01/15/23 1:56:56.005,"1076","19.6","56.36",
01/15/23 1:57:56.011,"1067","19.6","56.36",
01/15/23 1:58:56.003,"1063","19.57","56.36",
01/15/23 1:59:56.010,"1062","19.57","56.36",
01/15/23 2:00:56.013,"1057","19.56","56.39",
01/15/23 2:01:56.016,"1063","19.54","56.45",
01/15/23 2:02:56.006,"1052","19.54","56.48",
01/15/23 2:03:56.015,"1056","19.52","56.48",
01/15/23 2:04:56.009,"1055","19.52","56.51",
01/15/23 2:05:56.012,"1060","19.51","56.55",
01/15/23 2:06:56.016,"1055","19.5","56.55",
01/15/23 2:07:56.008,"1057","19.48","56.55",
01/15/23 2:08:56.007,"1054","19.47","56.51",
01/15/23 2:09:56.013,"1056","19.48","56.51",
01/15/23 2:10:56.002,"1051","19.47","56.51",
01/15/23 2:11:56.006,"1043","19.44","56.45",
01/15/23 2:12:56.014,"1044","19.44","56.45",
01/15/23 2:13:56.006,"1038","19.43","56.45",
01/15/23 2:14:56.011,"1043","19.42","56.45",
01/15/23 2:15:56.015,"1037","19.43","56.45",
01/15/23 2:16:56.011,"1036","19.4","56.48",
01/15/23 2:17:56.002,"1036","19.4","56.48",
01/15/23 2:18:56.014,"1034","19.39","56.48",
01/15/23 2:19:56.004,"1031","19.38","56.48",
01/15/23 2:20:56.007,"1024","19.36","56.51",
01/15/23 2:21:56.009,"1026","19.37","56.48",
01/15/23 2:22:56.016,"1023","19.35","56.48",
01/15/23 2:23:56.010,"1025","19.34","56.45",
01/15/23 2:24:56.016,"1018","19.35","56.45",
01/15/23 2:25:56.016,"1013","19.32","56.48",
01/15/23 2:26:56.011,"1024","19.32","56.51",
01/15/23 2:27:56.004,"1019","19.32","56.45",
01/15/23 2:28:56.011,"1013","19.32","56.33",
01/15/23 2:29:56.011,"1008","19.32","56.33",
01/15/23 2:30:56.013,"1016","19.3","56.33",
01/15/23 2:31:56.017,"1020","19.28","56.51",
01/15/23 2:32:56.007,"1022","19.29","56.51",
01/15/23 2:33:56.011,"1018","19.28","56.51",
01/15/23 2:34:56.014,"1024","19.29","56.51",
01/15/23 2:35:56.017,"1024","19.27","56.55",
01/15/23 2:36:56.003,"1016","19.28","56.51",
01/15/23 2:37:56.017,"1019","19.28","56.48",
01/15/23 2:38:56.005,"1018","19.28","56.48",
01/15/23 2:39:56.009,"1015","19.27","56.45",
01/15/23 2:40:56.011,"1022","19.28","56.45",
01/15/23 2:41:56.015,"1020","19.27","56.45",
01/15/23 2:42:56.017,"1018","19.27","56.42",
01/15/23 2:43:56.011,"1010","19.25","56.42",
01/15/23 2:44:56.018,"1019","19.25","56.39",
01/15/23 2:45:56.005,"1015","19.23","56.42",
01/15/23 2:46:56.007,"1007","19.23","56.45",
01/15/23 2:47:56.012,"1004","19.21","56.45",
01/15/23 2:48:56.017,"1006","19.2","56.45",
01/15/23 2:49:56.006,"1004","19.19","56.45",
01/15/23 2:50:56.019,"1002","19.2","56.45",
01/15/23 2:51:56.009,"1006","19.18","56.42",
01/15/23 2:52:56.005,"1004","19.18","56.42",
01/15/23 2:53:56.005,"998","19.17","56.39",
01/15/23 2:54:56.012,"1000","19.16","56.42",
01/15/23 2:55:56.017,"999","19.14","56.39",
01/15/23 2:56:56.008,"997","19.14","56.33",
01/15/23 2:57:56.014,"1002","19.16","56.33",
01/15/23 2:58:56.006,"1000","19.16","56.33",
01/15/23 2:59:56.011,"1039","19.2","56.7",
01/15/23 3:00:56.012,"1052","19.27","56.67",
01/15/23 3:01:56.015,"1073","19.38","56.58",
01/15/23 3:02:56.007,"1100","19.44","56.7",
01/15/23 3:03:56.011,"1059","19.47","56.33",
01/15/23 3:04:56.017,"1021","19.5","55.7",
01/15/23 3:05:56.006,"1039","19.49","55.82",
01/15/23 3:06:56.011,"1042","19.49","55.79",
01/15/23 3:07:56.006,"1044","19.48","55.82",
01/15/23 3:08:56.006,"1028","19.47","55.73",
01/15/23 3:09:56.014,"1029","19.46","55.7",
01/15/23 3:10:56.021,"1032","19.46","55.76",
01/15/23 3:11:56.009,"1025","19.43","55.79",
01/15/23 3:12:56.014,"1022","19.42","55.76",
01/15/23 3:13:56.019,"1018","19.42","55.79",
01/15/23 3:14:56.015,"1018","19.4","55.86",
01/15/23 3:15:56.007,"1018","19.38","55.89",
01/15/23 3:16:56.013,"1011","19.37","55.89",
01/15/23 3:17:56.020,"1007","19.34","55.89",
01/15/23 3:18:56.009,"1010","19.34","55.89",
01/15/23 3:19:56.012,"1006","19.33","55.89",
01/15/23 3:20:56.016,"1004","19.32","55.92",
01/15/23 3:21:56.020,"1001","19.32","55.92",
01/15/23 3:22:56.012,"1007","19.29","55.92",
01/15/23 3:23:56.010,"1006","19.28","55.92",
01/15/23 3:24:56.020,"996","19.28","55.89",
01/15/23 3:25:56.019,"995","19.27","55.92",
01/15/23 3:26:56.012,"994","19.27","55.89",
01/15/23 3:27:56.011,"995","19.25","55.95",
01/15/23 3:28:56.018,"1000","19.23","55.95",
01/15/23 3:29:56.009,"998","19.24","55.95",
01/15/23 3:30:56.012,"994","19.23","55.95",
01/15/23 3:31:56.019,"994","19.24","55.86",
01/15/23 3:32:56.009,"984","19.24","55.76",
01/15/23 3:33:56.014,"989","19.23","55.76",
01/15/23 3:34:56.022,"993","19.22","55.76",
01/15/23 3:35:56.010,"987","19.2","55.89",
01/15/23 3:36:56.015,"989","19.21","55.89",
01/15/23 3:37:56.009,"990","19.18","55.98",
01/15/23 3:38:56.019,"993","19.18","55.98",
01/15/23 3:39:56.010,"988","19.18","55.95",
01/15/23 3:40:56.012,"993","19.18","55.98",
01/15/23 3:41:56.016,"988","19.16","55.98",
01/15/23 3:42:56.018,"991","19.17","55.92",
01/15/23 3:43:56.012,"986","19.16","55.95",
01/15/23 3:44:56.019,"996","19.16","55.95",
01/15/23 3:45:56.023,"989","19.15","55.92",
01/15/23 3:46:56.011,"988","19.14","55.89",
01/15/23 3:47:56.016,"986","19.14","55.89",
01/15/23 3:48:56.020,"987","19.12","55.92",
01/15/23 3:49:56.009,"987","19.12","55.95",
01/15/23 3:50:56.014,"989","19.11","55.95",
01/15/23 3:51:56.017,"992","19.08","55.95",
01/15/23 3:52:56.009,"992","19.09","55.92",
01/15/23 3:53:56.020,"991","19.08","55.95",
01/15/23 3:54:56.021,"995","19.09","55.95",
01/15/23 3:55:56.023,"998","19.08","55.98",
01/15/23 3:56:56.014,"995","19.06","55.95",
01/15/23 3:57:56.021,"997","19.06","55.98",
01/15/23 3:58:56.009,"998","19.06","56.01",
01/15/23 3:59:56.015,"1006","19.05","56.04",
01/15/23 4:00:56.019,"1003","19.04","56.08",
01/15/23 4:01:56.023,"1006","19.04","56.01",
01/15/23 4:02:56.011,"1004","19.03","56.01",
01/15/23 4:03:56.019,"1018","19.06","56.01",
01/15/23 4:04:56.022,"1009","19.07","55.92",
01/15/23 4:05:56.012,"1030","19.08","56.08",
01/15/23 4:06:56.015,"1076","19.14","56.33",
01/15/23 4:07:56.011,"1072","19.23","56.14",
01/15/23 4:08:56.022,"1083","19.36","55.92",
01/15/23 4:09:56.014,"1078","19.37","55.57",
01/15/23 4:10:56.023,"1063","19.41","55.54",
01/15/23 4:11:56.012,"1055","19.4","55.39",
01/15/23 4:12:56.020,"1064","19.41","55.39",
01/15/23 4:13:56.010,"1059","19.4","55.42",
01/15/23 4:14:56.018,"1050","19.41","55.35",
01/15/23 4:15:56.022,"1049","19.39","55.32",
01/15/23 4:16:56.025,"1045","19.38","55.35",
01/15/23 4:17:56.017,"1046","19.36","55.35",
01/15/23 4:18:56.012,"1042","19.33","55.35",
01/15/23 4:19:56.016,"1038","19.32","55.42",
01/15/23 4:20:56.020,"1041","19.3","55.45",
01/15/23 4:21:56.024,"1032","19.29","55.51",
01/15/23 4:22:56.020,"1034","19.28","55.48",
01/15/23 4:23:56.020,"1032","19.27","55.51",
01/15/23 4:24:56.022,"1031","19.26","55.51",
01/15/23 4:25:56.019,"1031","19.26","55.51",
01/15/23 4:26:56.014,"1028","19.24","55.54",
01/15/23 4:27:56.021,"1025","19.23","55.57",
01/15/23 4:28:56.025,"1030","19.22","55.57",
01/15/23 4:29:56.017,"1025","19.2","55.54",
01/15/23 4:30:56.013,"1025","19.18","55.54",
01/15/23 4:31:56.023,"1025","19.18","55.57",
01/15/23 4:32:56.022,"1020","19.18","55.57",
01/15/23 4:33:56.015,"1012","19.16","55.57",
01/15/23 4:34:56.020,"1014","19.16","55.57",
01/15/23 4:35:56.026,"1013","19.16","55.51",
01/15/23 4:36:56.016,"1009","19.14","55.51",
01/15/23 4:37:56.014,"1016","19.12","55.64",
01/15/23 4:38:56.025,"1013","19.12","55.61",
01/15/23 4:39:56.027,"1007","19.1","55.61",
01/15/23 4:40:56.016,"1008","19.08","55.61",
01/15/23 4:41:56.019,"1008","19.08","55.64",
01/15/23 4:42:56.015,"1010","19.07","55.67",
01/15/23 4:43:56.017,"1004","19.06","55.61",
01/15/23 4:44:56.016,"1002","19.06","55.61",
01/15/23 4:45:56.020,"1000","19.07","55.57",
01/15/23 4:46:56.027,"997","19.04","55.61",
01/15/23 4:47:56.021,"1000","19.03","55.61",
01/15/23 4:48:56.027,"997","19","55.64",
01/15/23 4:49:56.023,"1001","19","55.61",
01/15/23 4:50:56.015,"997","19","55.61",
01/15/23 4:51:56.016,"997","19","55.57",
01/15/23 4:52:56.025,"990","18.99","55.61",
01/15/23 4:53:56.016,"992","18.98","55.57",
01/15/23 4:54:56.022,"997","18.98","55.67",
01/15/23 4:55:56.028,"985","18.95","55.67",
01/15/23 4:56:56.025,"991","18.97","55.61",
01/15/23 4:57:56.016,"983","18.96","55.54",
01/15/23 4:58:56.025,"985","18.95","55.57",
01/15/23 4:59:56.014,"987","18.94","55.57",
01/15/23 5:00:56.020,"983","18.94","55.51",
01/15/23 5:01:56.016,"981","18.96","55.51",
01/15/23 5:02:56.024,"981","18.95","55.54",
01/15/23 5:03:56.016,"985","18.94","55.57",
01/15/23 5:04:56.027,"984","18.94","55.64",
01/15/23 5:05:56.015,"983","18.93","55.61",
01/15/23 5:06:56.021,"988","18.93","55.61",
01/15/23 5:07:56.016,"985","18.92","55.64",
01/15/23 5:08:56.024,"990","18.92","55.67",
01/15/23 5:09:56.014,"994","18.92","55.7",
01/15/23 5:10:56.019,"1000","18.96","55.7",
01/15/23 5:11:56.023,"1013","19.02","55.86",
01/15/23 5:12:56.016,"1041","19.12","55.92",
01/15/23 5:13:56.023,"1056","19.23","55.67",
01/15/23 5:14:56.028,"1020","19.28","55.2",
01/15/23 5:15:56.017,"1000","19.3","54.92",
01/15/23 5:16:56.023,"1003","19.32","54.85",
01/15/23 5:17:56.023,"1007","19.31","54.88",
01/15/23 5:18:56.030,"1008","19.32","54.92",
01/15/23 5:19:56.017,"1005","19.31","54.88",
01/15/23 5:20:56.020,"1001","19.3","54.95",
01/15/23 5:21:56.023,"1008","19.3","55.01",
01/15/23 5:22:56.021,"1004","19.27","55.04",
01/15/23 5:23:56.014,"999","19.25","55.04",
01/15/23 5:24:56.020,"1004","19.25","55.07",
01/15/23 5:25:56.028,"1009","19.23","55.13",
01/15/23 5:26:56.029,"1007","19.22","55.2",
01/15/23 5:27:56.026,"1003","19.2","55.23",
01/15/23 5:28:56.017,"1003","19.19","55.26",
01/15/23 5:29:56.026,"997","19.18","55.29",
01/15/23 5:30:56.017,"1002","19.18","55.29",
01/15/23 5:31:56.021,"1004","19.17","55.29",
01/15/23 5:32:56.019,"996","19.16","55.29",
01/15/23 5:33:56.026,"999","19.15","55.29",
01/15/23 5:34:56.016,"991","19.13","55.29",
01/15/23 5:35:56.030,"991","19.12","55.32",
01/15/23 5:36:56.017,"996","19.12","55.32",
01/15/23 5:37:56.018,"988","19.1","55.32",
01/15/23 5:38:56.029,"985","19.1","55.32",
01/15/23 5:39:56.017,"991","19.08","55.29",
01/15/23 5:40:56.017,"979","19.07","55.26",
01/15/23 5:41:56.023,"985","19.06","55.26",
01/15/23 5:42:56.022,"978","19.05","55.29",
01/15/23 5:43:56.022,"974","19.04","55.26",
01/15/23 5:44:56.028,"969","19.03","55.26",
01/15/23 5:45:56.030,"973","19.03","55.26",
01/15/23 5:46:56.020,"965","19.02","55.26",
01/15/23 5:47:56.025,"967","19.03","55.29",
01/15/23 5:48:56.017,"964","19","55.26",
01/15/23 5:49:56.026,"959","19","55.29",
01/15/23 5:50:56.016,"962","19","55.26",
01/15/23 5:51:56.020,"966","18.99","55.29",
01/15/23 5:52:56.019,"963","18.98","55.26",
01/15/23 5:53:56.029,"964","18.98","55.2",
01/15/23 5:54:56.021,"956","18.98","55.13",
01/15/23 5:55:56.026,"952","18.97","55.1",
01/15/23 5:56:56.028,"954","18.96","55.1",
01/15/23 5:57:56.028,"951","18.95","55.2",
01/15/23 5:58:56.032,"956","18.93","55.29",
01/15/23 5:59:56.022,"957","18.93","55.32",
01/15/23 6:00:56.017,"962","18.93","55.29",
01/15/23 6:01:56.025,"960","18.94","55.32",
01/15/23 6:02:56.031,"966","18.94","55.29",
01/15/23 6:03:56.021,"963","18.94","55.29",
01/15/23 6:04:56.032,"961","18.93","55.29",
01/15/23 6:05:56.025,"962","18.92","55.29",
01/15/23 6:06:56.024,"965","18.93","55.29",
01/15/23 6:07:56.025,"962","18.92","55.29",
01/15/23 6:08:56.028,"964","18.92","55.32",
01/15/23 6:09:56.026,"960","18.9","55.32",
01/15/23 6:10:56.018,"959","18.89","55.32",
01/15/23 6:11:56.021,"959","18.9","55.29",
01/15/23 6:12:56.019,"952","18.88","55.35",
01/15/23 6:13:56.025,"978","18.92","55.54",
01/15/23 6:14:56.025,"1012","18.98","55.54",
01/15/23 6:15:56.032,"1032","19.1","55.54",
01/15/23 6:16:56.025,"1023","19.18","55.26",
01/15/23 6:17:56.022,"1008","19.2","55.04",
01/15/23 6:18:56.032,"998","19.22","54.82",
01/15/23 6:19:56.025,"991","19.23","54.7",
01/15/23 6:20:56.033,"994","19.2","54.7",
01/15/23 6:21:56.025,"992","19.21","54.7",
01/15/23 6:22:56.024,"988","19.2","54.63",
01/15/23 6:23:56.028,"985","19.18","54.63",
01/15/23 6:24:56.023,"975","19.16","54.66",
01/15/23 6:25:56.026,"978","19.16","54.7",
01/15/23 6:26:56.026,"972","19.14","54.7",
01/15/23 6:27:56.031,"976","19.13","54.76",
01/15/23 6:28:56.033,"967","19.12","54.76",
01/15/23 6:29:56.019,"965","19.12","54.76",
01/15/23 6:30:56.023,"957","19.1","54.73",
01/15/23 6:31:56.028,"959","19.08","54.79",
01/15/23 6:32:56.020,"956","19.07","54.85",
01/15/23 6:33:56.029,"962","19.07","54.88",
01/15/23 6:34:56.033,"965","19.04","54.95",
01/15/23 6:35:56.020,"964","19.04","54.95",
01/15/23 6:36:56.027,"956","19.05","54.92",
01/15/23 6:37:56.019,"959","19.05","54.95",
01/15/23 6:38:56.030,"953","19.03","54.95",
01/15/23 6:39:56.034,"956","19.02","54.95",
01/15/23 6:40:56.025,"960","19.02","54.95",
01/15/23 6:41:56.029,"957","19","54.95",
01/15/23 6:42:56.020,"954","19.02","54.88",
01/15/23 6:43:56.028,"955","19","54.85",
01/15/23 6:44:56.034,"953","18.98","54.88",
01/15/23 6:45:56.022,"963","18.97","55.01",
01/15/23 6:46:56.024,"959","18.97","55.01",
01/15/23 6:47:56.029,"964","18.98","55.01",
01/15/23 6:48:56.033,"967","18.96","55.01",
01/15/23 6:49:56.026,"963","18.97","55.01",
01/15/23 6:50:56.034,"957","18.97","55.01",
01/15/23 6:51:56.033,"957","18.99","54.85",
01/15/23 6:52:56.024,"969","18.97","54.98",
01/15/23 6:53:56.021,"966","18.97","55.07",
01/15/23 6:54:56.034,"967","18.98","55.1",
01/15/23 6:55:56.022,"977","18.98","55.1",
01/15/23 6:56:56.032,"976","18.98","55.13",
01/15/23 6:57:56.029,"971","18.98","55.2",
01/15/23 6:58:56.024,"975","18.98","55.26",
01/15/23 6:59:56.022,"972","18.98","55.26",
01/15/23 7:00:56.027,"973","18.98","55.32",
01/15/23 7:01:56.031,"978","18.96","55.39",
01/15/23 7:02:56.026,"979","18.97","55.45",
01/15/23 7:03:56.031,"981","18.97","55.45",
01/15/23 7:04:56.034,"981","18.97","55.57",
01/15/23 7:05:56.024,"988","18.96","55.61",
01/15/23 7:06:56.032,"982","18.98","55.35",
01/15/23 7:07:56.027,"991","18.97","55.48",
01/15/23 7:08:56.025,"994","18.96","55.54",
01/15/23 7:09:56.034,"1004","18.95","55.64",
01/15/23 7:10:56.022,"1002","18.94","55.7",
01/15/23 7:11:56.029,"1004","18.94","55.7",
01/15/23 7:12:56.037,"1009","18.94","55.7",
01/15/23 7:13:56.028,"1013","18.94","55.7",
01/15/23 7:14:56.025,"1017","18.93","55.76",
01/15/23 7:15:56.031,"1013","18.93","55.82",
01/15/23 7:16:56.025,"1024","18.93","55.76",
01/15/23 7:17:56.032,"1026","18.91","55.82",
01/15/23 7:18:56.026,"1047","18.9","55.98",
01/15/23 7:19:56.027,"1043","18.94","55.86",
01/15/23 7:20:56.032,"1059","18.98","55.82",
01/15/23 7:21:56.036,"1078","19.06","55.73",
01/15/23 7:22:56.032,"1078","19.2","55.57",
01/15/23 7:23:56.025,"1125","19.26","55.89",
01/15/23 7:24:56.029,"1096","19.29","55.32",
01/15/23 7:25:56.031,"1069","19.31","54.92",
01/15/23 7:26:56.031,"1082","19.3","55.07",
01/15/23 7:27:56.036,"1083","19.31","55.01",
01/15/23 7:28:56.036,"1080","19.3","55.01",
01/15/23 7:29:56.031,"1083","19.28","55.01",
01/15/23 7:30:56.030,"1080","19.28","54.98",
01/15/23 7:31:56.028,"1082","19.27","55.07",
01/15/23 7:32:56.032,"1074","19.24","55.1",
01/15/23 7:33:56.036,"1072","19.23","55.1",
01/15/23 7:34:56.024,"1074","19.2","55.17",
01/15/23 7:35:56.025,"1070","19.21","55.2",
01/15/23 7:36:56.030,"1068","19.19","55.23",
01/15/23 7:37:56.034,"1076","19.18","55.29",
01/15/23 7:38:56.028,"1073","19.18","55.29",
01/15/23 7:39:56.034,"1074","19.15","55.32",
01/15/23 7:40:56.039,"1073","19.16","55.35",
01/15/23 7:41:56.038,"1069","19.15","55.39",
01/15/23 7:42:56.028,"1077","19.12","55.39",
01/15/23 7:43:56.034,"1072","19.12","55.42",
01/15/23 7:44:56.039,"1073","19.12","55.45",
01/15/23 7:45:56.025,"1072","19.1","55.42",
01/15/23 7:46:56.027,"1073","19.09","55.42",
01/15/23 7:47:56.031,"1070","19.08","55.45",
01/15/23 7:48:56.036,"1071","19.06","55.45",
01/15/23 7:49:56.040,"1064","19.07","55.45",
01/15/23 7:50:56.027,"1063","19.05","55.45",
01/15/23 7:51:56.029,"1060","19.04","55.42",
01/15/23 7:52:56.035,"1056","19.03","55.45",
01/15/23 7:53:56.035,"1056","19.01","55.45",
01/15/23 7:54:56.038,"1050","19.01","55.45",
01/15/23 7:55:56.028,"1056","19","55.45",
01/15/23 7:56:56.039,"1052","19","55.45",
01/15/23 7:57:56.032,"1051","18.98","55.45",
01/15/23 7:58:56.039,"1047","18.99","55.45",
01/15/23 7:59:56.027,"1053","18.98","55.45",
01/15/23 8:00:56.031,"1044","18.97","55.45",
01/15/23 8:01:56.035,"1047","18.96","55.42",
01/15/23 8:02:56.032,"1043","18.96","55.42",
01/15/23 8:03:56.037,"1041","18.95","55.42",
01/15/23 8:04:56.036,"1045","18.94","55.45",
01/15/23 8:05:56.038,"1040","18.94","55.51",
01/15/23 8:06:56.030,"1037","18.94","55.45",
01/15/23 8:07:56.039,"1035","18.93","55.45",
01/15/23 8:08:56.035,"1039","18.93","55.51",
01/15/23 8:09:56.027,"1043","18.91","55.51",
01/15/23 8:10:56.032,"1041","18.92","55.51",
01/15/23 8:11:56.032,"1041","18.92","55.48",
01/15/23 8:12:56.036,"1038","18.94","55.45",
01/15/23 8:13:56.039,"1037","18.92","55.45",
01/15/23 8:14:56.030,"1041","18.92","55.45",
01/15/23 8:15:56.033,"1034","18.92","55.42",
01/15/23 8:16:56.038,"1039","18.92","55.45",
01/15/23 8:17:56.027,"1034","18.9","55.45",
01/15/23 8:18:56.030,"1039","18.88","55.45",
01/15/23 8:19:56.034,"1036","18.88","55.42",
01/15/23 8:20:56.039,"1028","18.88","55.45",
01/15/23 8:21:56.041,"1028","18.87","55.48",
01/15/23 8:22:56.035,"1026","18.88","55.45",
01/15/23 8:23:56.041,"1032","18.88","55.48",
01/15/23 8:24:56.032,"1043","18.93","55.57",
01/15/23 8:25:56.034,"1124","19.04","56.11",
01/15/23 8:26:56.039,"1125","19.19","55.67",
01/15/23 8:27:56.040,"1121","19.24","55.29",
01/15/23 8:28:56.038,"1093","19.24","55.1",
01/15/23 8:29:56.027,"1083","19.25","54.92",
01/15/23 8:30:56.031,"1074","19.25","54.79",
01/15/23 8:31:56.036,"1060","19.25","54.79",
01/15/23 8:32:56.028,"1053","19.23","54.76",
01/15/23 8:33:56.033,"1052","19.21","54.79",
01/15/23 8:34:56.038,"1047","19.19","54.82",
01/15/23 8:35:56.043,"1044","19.18","54.76",
01/15/23 8:36:56.035,"1035","19.16","54.82",
01/15/23 8:37:56.037,"1032","19.16","54.82",
01/15/23 8:38:56.031,"1030","19.14","54.76",
01/15/23 8:39:56.039,"1024","19.13","54.82",
01/15/23 8:40:56.042,"1024","19.1","54.82",
01/15/23 8:41:56.032,"1027","19.1","54.92",
01/15/23 8:42:56.042,"1025","19.11","54.92",
01/15/23 8:43:56.035,"1020","19.09","54.95",
01/15/23 8:44:56.041,"1026","19.08","54.95",
01/15/23 8:45:56.044,"1024","19.09","54.95",
01/15/23 8:46:56.030,"1022","19.08","54.92",
01/15/23 8:47:56.035,"1020","19.1","54.88",
01/15/23 8:48:56.040,"1016","19.11","54.88",
01/15/23 8:49:56.030,"1020","19.11","54.88",
01/15/23 8:50:56.039,"1020","19.11","54.82",
01/15/23 8:51:56.043,"1024","19.12","54.82",
01/15/23 8:52:56.037,"1018","19.13","54.82",
01/15/23 8:53:56.038,"1008","19.09","54.82",
01/15/23 8:54:56.030,"1008","19.1","54.82",
01/15/23 8:55:56.035,"1004","19.06","54.79",
01/15/23 8:56:56.040,"1003","19.07","54.76",
01/15/23 8:57:56.033,"1002","19.08","54.73",
01/15/23 8:58:56.037,"1002","19.06","54.76",
01/15/23 8:59:56.029,"994","19.05","54.79",
01/15/23 9:00:56.034,"1000","19.02","54.79",
01/15/23 9:01:56.038,"991","19.02","54.76",
01/15/23 9:02:56.033,"985","19.02","54.73",
01/15/23 9:03:56.042,"988","19.01","54.73",
01/15/23 9:04:56.033,"988","19.03","54.76",
01/15/23 9:05:56.038,"988","19","54.76",
01/15/23 9:06:56.030,"980","19","54.73",
01/15/23 9:07:56.039,"987","18.98","54.73",
01/15/23 9:08:56.044,"984","18.98","54.76",
01/15/23 9:09:56.038,"984","18.97","54.76",
01/15/23 9:10:56.044,"981","18.98","54.76",
01/15/23 9:11:56.032,"986","18.98","54.66",
01/15/23 9:12:56.040,"983","18.98","54.66",
01/15/23 9:13:56.044,"979","19","54.66",
01/15/23 9:14:56.033,"974","18.98","54.79",
01/15/23 9:15:56.036,"985","18.96","54.76",
01/15/23 9:16:56.039,"978","18.98","54.79",
01/15/23 9:17:56.044,"977","18.99","54.73",
01/15/23 9:18:56.033,"982","19","54.76",
01/15/23 9:19:56.040,"975","18.99","54.7",
01/15/23 9:20:56.042,"978","18.99","54.66",
01/15/23 9:21:56.032,"981","18.98","54.7",
01/15/23 9:22:56.042,"983","19","54.73",
01/15/23 9:23:56.033,"1011","19.02","54.95",
01/15/23 9:24:56.038,"1031","19.06","55.01",
01/15/23 9:25:56.041,"1049","19.16","54.85",
01/15/23 9:26:56.038,"1099","19.3","54.92",
01/15/23 9:27:56.036,"1044","19.34","54.44",
01/15/23 9:28:56.044,"1014","19.36","54.1",
01/15/23 9:29:56.036,"1018","19.41","54.01",
01/15/23 9:30:56.040,"1013","19.37","53.94",
01/15/23 9:31:56.044,"1007","19.38","53.91",
01/15/23 9:32:56.032,"1003","19.38","53.91",
01/15/23 9:33:56.037,"1001","19.37","53.94",
01/15/23 9:34:56.042,"1003","19.32","53.97",
01/15/23 9:35:56.044,"1006","19.36","54.01",
01/15/23 9:36:56.032,"993","19.34","54.01",
01/15/23 9:37:56.040,"998","19.3","54.01",
01/15/23 9:38:56.034,"997","19.28","54.07",
01/15/23 9:39:56.041,"992","19.26","54.04",
01/15/23 9:40:56.033,"990","19.27","54.07",
01/15/23 9:41:56.039,"990","19.26","54.07",
01/15/23 9:42:56.046,"980","19.24","54.1",
01/15/23 9:43:56.036,"978","19.24","54.1",
01/15/23 9:44:56.041,"980","19.25","54.07",
01/15/23 9:45:56.044,"984","19.23","54.16",
01/15/23 9:46:56.046,"975","19.24","54.16",
01/15/23 9:47:56.043,"984","19.22","54.16",
01/15/23 9:48:56.034,"980","19.22","54.19",
01/15/23 9:49:56.036,"973","19.2","54.19",
01/15/23 9:50:56.039,"977","19.19","54.19",
01/15/23 9:51:56.042,"981","19.22","54.19",
01/15/23 9:52:56.034,"978","19.2","54.19",
01/15/23 9:53:56.041,"985","19.19","54.19",
01/15/23 9:54:56.048,"975","19.18","54.13",
01/15/23 9:55:56.035,"971","19.18","54.13",
01/15/23 9:56:56.038,"969","19.19","54.13",
01/15/23 9:57:56.045,"969","19.2","54.1",
01/15/23 9:58:56.036,"967","19.19","54.1",
01/15/23 9:59:56.044,"967","19.15","54.07",
01/15/23 10:00:56.034,"963","19.17","54.07",
01/15/23 10:01:56.040,"961","19.19","54.07",
01/15/23 10:02:56.044,"955","19.17","54.07",
01/15/23 10:03:56.046,"957","19.15","54.07",
01/15/23 10:04:56.037,"950","19.14","54.07",
01/15/23 10:05:56.041,"953","19.16","54.04",
01/15/23 10:06:56.045,"952","19.15","54.01",
01/15/23 10:07:56.039,"947","19.16","53.97",
01/15/23 10:08:56.046,"949","19.18","53.94",
01/15/23 10:09:56.040,"945","19.19","53.91",
01/15/23 10:10:56.046,"947","19.17","53.94",
01/15/23 10:11:56.034,"948","19.15","53.97",
01/15/23 10:12:56.043,"954","19.15","54.07",
01/15/23 10:13:56.048,"961","19.16","54.07",
01/15/23 10:14:56.036,"980","19.16","54.22",
01/15/23 10:15:56.040,"983","19.14","54.41",
01/15/23 10:16:56.042,"1000","19.16","54.38",
01/15/23 10:17:56.046,"1015","19.18","54.63",
01/15/23 10:18:56.034,"1024","19.18","54.76",
01/15/23 10:19:56.037,"1029","19.2","55.2",
01/15/23 10:20:56.036,"1035","19.22","55.39",
01/15/23 10:21:56.039,"1040","19.2","55.61",
01/15/23 10:22:56.050,"1047","19.22","55.89",
01/15/23 10:23:56.043,"1052","19.2","56.2",
01/15/23 10:24:56.035,"1063","19.26","56.11",
01/15/23 10:25:56.038,"1087","19.28","56.51",
01/15/23 10:26:56.040,"1106","19.35","57.02",
01/15/23 10:27:56.038,"1126","19.41","57.14",
01/15/23 10:28:56.048,"1110","19.51","56.64",
01/15/23 10:29:56.038,"1111","19.64","56.04",
01/15/23 10:30:56.042,"1105","19.75","55.57",
01/15/23 10:31:56.046,"1116","19.81","55.64",
01/15/23 10:32:56.036,"1115","19.85","55.32",
01/15/23 10:33:56.042,"1127","19.84","55.39",
01/15/23 10:34:56.046,"1131","19.88","55.54",
01/15/23 10:35:56.047,"1147","19.84","55.54",
01/15/23 10:36:56.042,"1127","19.86","55.29",
01/15/23 10:37:56.050,"1125","19.81","55.48",
01/15/23 10:38:56.046,"1126","19.84","55.57",
01/15/23 10:39:56.046,"1120","19.82","55.54",
01/15/23 10:40:56.040,"1113","19.81","55.39",
01/15/23 10:41:56.046,"1100","19.81","55.39",
01/15/23 10:42:56.036,"1103","19.78","55.39",
01/15/23 10:43:56.046,"1098","19.78","55.45",
01/15/23 10:44:56.036,"1086","19.71","55.35",
01/15/23 10:45:56.040,"1084","19.7","55.35",
01/15/23 10:46:56.046,"1089","19.68","55.48",
01/15/23 10:47:56.039,"1091","19.64","55.54",
01/15/23 10:48:56.047,"1080","19.68","55.48",
01/15/23 10:49:56.051,"1084","19.66","55.51",
01/15/23 10:50:56.038,"1079","19.65","55.45",
01/15/23 10:51:56.042,"1078","19.66","55.45",
01/15/23 10:52:56.039,"1081","19.64","55.48",
01/15/23 10:53:56.040,"1076","19.67","55.48",
01/15/23 10:54:56.045,"1078","19.66","55.45",
01/15/23 10:55:56.047,"1074","19.66","55.48",
01/15/23 10:56:56.050,"1066","19.66","55.45",
01/15/23 10:57:56.041,"1061","19.62","55.35",
01/15/23 10:58:56.047,"1064","19.64","55.35",
01/15/23 10:59:56.050,"1063","19.65","55.32",
01/15/23 11:00:56.043,"1062","19.64","55.26",
01/15/23 11:01:56.050,"1061","19.64","55.26",
01/15/23 11:02:56.038,"1063","19.64","55.26",
01/15/23 11:03:56.042,"1059","19.64","55.23",
01/15/23 11:04:56.047,"1053","19.63","55.26",
01/15/23 11:05:56.050,"1055","19.62","55.26",
01/15/23 11:06:56.039,"1057","19.6","55.2",
01/15/23 11:07:56.048,"1049","19.64","55.23",
01/15/23 11:08:56.040,"1052","19.61","55.2",
01/15/23 11:09:56.048,"1051","19.65","55.17",
01/15/23 11:10:56.053,"1047","19.61","55.23",
01/15/23 11:11:56.046,"1043","19.61","55.2",
01/15/23 11:12:56.039,"1057","19.64","55.17",
01/15/23 11:13:56.045,"1047","19.61","55.13",
01/15/23 11:14:56.050,"1043","19.63","55.17",
01/15/23 11:15:56.053,"1044","19.63","55.13",
01/15/23 11:16:56.040,"1048","19.63","55.13",
01/15/23 11:17:56.046,"1047","19.63","55.13",
01/15/23 11:18:56.049,"1047","19.64","55.1",
01/15/23 11:19:56.053,"1036","19.62","55.07",
01/15/23 11:20:56.041,"1041","19.62","55.1",
01/15/23 11:21:56.043,"1049","19.6","55.13",
01/15/23 11:22:56.050,"1044","19.6","55.13",
01/15/23 11:23:56.044,"1036","19.58","55.13",
01/15/23 11:24:56.051,"1043","19.6","55.2",
01/15/23 11:25:56.053,"1041","19.58","55.2",
01/15/23 11:26:56.040,"1042","19.58","55.26",
01/15/23 11:27:56.042,"1041","19.59","55.26",
01/15/23 11:28:56.040,"1042","19.6","55.32",
01/15/23 11:29:56.044,"1039","19.59","55.26",
01/15/23 11:30:56.048,"1044","19.57","55.26",
01/15/23 11:31:56.050,"1046","19.59","55.32",
01/15/23 11:32:56.042,"1041","19.58","55.32",
01/15/23 11:33:56.046,"1041","19.55","55.26",
01/15/23 11:34:56.052,"1042","19.53","55.32",
01/15/23 11:35:56.053,"1035","19.51","55.39",
01/15/23 11:36:56.040,"1038","19.49","55.42",
01/15/23 11:37:56.048,"1039","19.5","55.48",
01/15/23 11:38:56.043,"1038","19.47","55.51",
01/15/23 11:39:56.050,"1033","19.44","55.57",
01/15/23 11:40:56.040,"1031","19.45","55.61",
01/15/23 11:41:56.048,"1036","19.44","55.64",
01/15/23 11:42:56.040,"1032","19.44","55.67",
01/15/23 11:43:56.049,"1033","19.41","55.7",
01/15/23 11:44:56.054,"1025","19.42","55.73",
01/15/23 11:45:56.041,"1032","19.39","55.86",
01/15/23 11:46:56.048,"1031","19.37","56.01",
01/15/23 11:47:56.054,"1028","19.4","55.95",
01/15/23 11:48:56.043,"1029","19.45","55.7",
01/15/23 11:49:56.048,"1022","19.57","55.35",
01/15/23 11:50:56.050,"1027","19.71","55.07",
01/15/23 11:51:56.054,"1017","19.77","54.95",
01/15/23 11:52:56.049,"1007","19.83","54.63",
01/15/23 11:53:56.046,"1006","19.86","54.44",
01/15/23 11:54:56.050,"1005","19.9","54.32",
01/15/23 11:55:56.054,"1004","19.92","54.54",
01/15/23 11:56:56.052,"1008","19.92","54.54",
01/15/23 11:57:56.044,"1002","19.91","54.73",
01/15/23 11:58:56.050,"995","19.9","54.82",
01/15/23 11:59:56.046,"990","19.9","55.13",
01/15/23 12:00:56.051,"986","19.88","55.32",
01/15/23 12:01:56.055,"987","19.84","55.26",
01/15/23 12:02:56.048,"982","19.81","55.23",
01/15/23 12:03:56.052,"976","19.81","55.26",
01/15/23 12:04:56.041,"980","19.79","55.29",
01/15/23 12:05:56.043,"974","19.74","55.32",
01/15/23 12:06:56.048,"974","19.71","55.35",
01/15/23 12:07:56.045,"969","19.7","55.39",
01/15/23 12:08:56.053,"969","19.66","55.48",
01/15/23 12:09:56.047,"964","19.64","55.57",
01/15/23 12:10:56.053,"965","19.6","55.61",
01/15/23 12:11:56.057,"967","19.58","55.64",
01/15/23 12:12:56.048,"960","19.59","55.67",
01/15/23 12:13:56.054,"964","19.56","55.73",
01/15/23 12:14:56.043,"951","19.55","55.76",
01/15/23 12:15:56.045,"957","19.53","55.79",
01/15/23 12:16:56.048,"952","19.52","55.82",
01/15/23 12:17:56.055,"954","19.49","55.89",
01/15/23 12:18:56.045,"946","19.52","55.86",
01/15/23 12:19:56.049,"946","19.51","55.82",
01/15/23 12:20:56.053,"940","19.51","55.86",
01/15/23 12:21:56.055,"938","19.52","55.92",
01/15/23 12:22:56.046,"949","19.5","55.95",
01/15/23 12:23:56.054,"950","19.52","55.98",
01/15/23 12:24:56.047,"939","19.51","55.98",
01/15/23 12:25:56.053,"940","19.49","56.08",
01/15/23 12:26:56.053,"931","19.46","56.17",
01/15/23 12:27:56.056,"933","19.49","56.08",
01/15/23 12:28:56.057,"939","19.46","56.3",
01/15/23 12:29:56.047,"930","19.44","56.26",
01/15/23 12:30:56.050,"926","19.44","56.33",
01/15/23 12:31:56.055,"924","19.46","56.3",
01/15/23 12:32:56.054,"927","19.45","56.26",
01/15/23 12:33:56.044,"926","19.43","56.45",
01/15/23 12:34:56.048,"930","19.43","57.14",
01/15/23 12:35:56.052,"930","19.46","56.86",
01/15/23 12:36:56.052,"939","19.48","56.55",
01/15/23 12:37:56.059,"933","19.48","56.64",
01/15/23 12:38:56.054,"937","19.48","56.7",
01/15/23 12:39:56.045,"934","19.49","56.89",
01/15/23 12:40:56.048,"928","19.48","57.05",
01/15/23 12:41:56.053,"933","19.47","57.17",
01/15/23 12:42:56.059,"932","19.47","57.2",
01/15/23 12:43:56.048,"933","19.49","57.17",
01/15/23 12:44:56.053,"934","19.48","57.33",
01/15/23 12:45:56.055,"936","19.5","57.2",
01/15/23 12:46:56.058,"938","19.49","57.42",
01/15/23 12:47:56.047,"947","19.46","57.68",
01/15/23 12:48:56.052,"942","19.48","57.42",
01/15/23 12:49:56.056,"937","19.47","57.52",
01/15/23 12:50:56.058,"937","19.5","57.46",
01/15/23 12:51:56.050,"930","19.46","57.46",
01/15/23 12:52:56.057,"931","19.5","57.39",
01/15/23 12:53:56.046,"930","19.49","57.42",
01/15/23 12:54:56.052,"929","19.49","57.33",
01/15/23 12:55:56.046,"926","19.47","57.36",
01/15/23 12:56:56.051,"932","19.49","57.64",
01/15/23 12:57:56.046,"938","19.47","57.99",
01/15/23 12:58:56.050,"924","19.48","57.64",
01/15/23 12:59:56.057,"930","19.48","57.58",
01/15/23 13:00:56.049,"926","19.48","57.61",
01/15/23 13:01:56.055,"925","19.45","57.55",
01/15/23 13:02:56.060,"923","19.47","57.55",
01/15/23 13:03:56.050,"920","19.44","57.42",
01/15/23 13:04:56.053,"915","19.47","57.33",
01/15/23 13:05:56.057,"918","19.45","57.3",
01/15/23 13:06:56.061,"912","19.45","57.24",
01/15/23 13:07:56.058,"910","19.46","57.2",
01/15/23 13:08:56.052,"911","19.44","57.24",
01/15/23 13:09:56.060,"919","19.47","57.08",
01/15/23 13:10:56.054,"963","19.48","57.52",
01/15/23 13:11:56.062,"947","19.48","57.05",
01/15/23 13:12:56.054,"955","19.58","56.8",
01/15/23 13:13:56.059,"956","19.65","56.58",
01/15/23 13:14:56.047,"925","19.73","56.26",
01/15/23 13:15:56.055,"925","19.74","55.98",
01/15/23 13:16:56.058,"916","19.79","55.98",
01/15/23 13:17:56.048,"912","19.77","55.73",
01/15/23 13:18:56.055,"913","19.81","55.54",
01/15/23 13:19:56.058,"914","19.8","55.51",
01/15/23 13:20:56.048,"910","19.8","55.57",
01/15/23 13:21:56.053,"902","19.79","55.51",
01/15/23 13:22:56.060,"901","19.79","55.54",
01/15/23 13:23:56.052,"896","19.79","55.61",
01/15/23 13:24:56.058,"899","19.78","55.61",
01/15/23 13:25:56.062,"902","19.77","55.64",
01/15/23 13:26:56.051,"892","19.74","55.64",
01/15/23 13:27:56.059,"887","19.74","55.57",
01/15/23 13:28:56.049,"893","19.74","55.57",
01/15/23 13:29:56.055,"889","19.72","55.57",
01/15/23 13:30:56.058,"887","19.7","55.54",
01/15/23 13:31:56.063,"882","19.66","55.57",
01/15/23 13:32:56.054,"880","19.68","55.54",
01/15/23 13:33:56.058,"879","19.68","55.57",
01/15/23 13:34:56.061,"879","19.64","55.57",
01/15/23 13:35:56.064,"875","19.64","55.51",
01/15/23 13:36:56.052,"874","19.65","55.51",
01/15/23 13:37:56.062,"876","19.64","55.54",
01/15/23 13:38:56.057,"874","19.62","55.54",
01/15/23 13:39:56.063,"871","19.62","55.54",
01/15/23 13:40:56.050,"872","19.61","55.57",
01/15/23 13:41:56.054,"867","19.58","55.54",
01/15/23 13:42:56.062,"872","19.61","55.51",
01/15/23 13:43:56.052,"875","19.59","55.54",
01/15/23 13:44:56.058,"865","19.58","55.51",
01/15/23 13:45:56.061,"866","19.6","55.48",
01/15/23 13:46:56.065,"864","19.58","55.51",
01/15/23 13:47:56.055,"864","19.57","55.51",
01/15/23 13:48:56.058,"876","19.56","55.54",
01/15/23 13:49:56.062,"873","19.56","55.61",
01/15/23 13:50:56.050,"883","19.53","55.61",
01/15/23 13:51:56.054,"882","19.54","55.67",
01/15/23 13:52:56.063,"872","19.52","55.64",
01/15/23 13:53:56.064,"880","19.49","55.73",
01/15/23 13:54:56.054,"883","19.48","55.76",
01/15/23 13:55:56.060,"882","19.48","55.73",
01/15/23 13:56:56.064,"879","19.47","55.7",
01/15/23 13:57:56.058,"877","19.47","55.7",
01/15/23 13:58:56.065,"874","19.46","55.67",
01/15/23 13:59:56.053,"872","19.46","55.67",
01/15/23 14:00:56.055,"868","19.44","55.64",
01/15/23 14:01:56.060,"869","19.45","55.61",
01/15/23 14:02:56.065,"870","19.42","55.61",
01/15/23 14:03:56.055,"859","19.44","55.61",
01/15/23 14:04:56.060,"855","19.44","55.57",
01/15/23 14:05:56.062,"861","19.46","55.57",
01/15/23 14:06:56.052,"860","19.43","55.57",
01/15/23 14:07:56.060,"856","19.44","55.54",
01/15/23 14:08:56.055,"855","19.45","55.54",
01/15/23 14:09:56.061,"850","19.43","55.57",
01/15/23 14:10:56.058,"850","19.42","55.54",
01/15/23 14:11:56.062,"845","19.42","55.54",
01/15/23 14:12:56.053,"846","19.4","55.54",
01/15/23 14:13:56.062,"844","19.37","55.54",
01/15/23 14:14:56.067,"841","19.36","55.61",
01/15/23 14:15:56.053,"849","19.34","55.64",
01/15/23 14:16:56.062,"860","19.35","55.76",
01/15/23 14:17:56.055,"884","19.34","56.01",
01/15/23 14:18:56.059,"890","19.38","55.86",
01/15/23 14:19:56.063,"864","19.46","55.64",
01/15/23 14:20:56.066,"849","19.56","55.39",
01/15/23 14:21:56.056,"845","19.62","55.17",
01/15/23 14:22:56.065,"850","19.65","54.95",
01/15/23 14:23:56.060,"850","19.69","54.88",
01/15/23 14:24:56.067,"845","19.7","54.79",
01/15/23 14:25:56.056,"842","19.69","54.7",
01/15/23 14:26:56.067,"844","19.67","54.6",
01/15/23 14:27:56.056,"836","19.66","54.63",
01/15/23 14:28:56.054,"834","19.63","54.7",
01/15/23 14:29:56.060,"831","19.62","54.76",
01/15/23 14:30:56.063,"832","19.61","54.88",
01/15/23 14:31:56.064,"830","19.6","54.88",
01/15/23 14:32:56.053,"827","19.56","54.95",
01/15/23 14:33:56.061,"829","19.56","55.01",
01/15/23 14:34:56.058,"840","19.54","55.07",
01/15/23 14:35:56.063,"845","19.53","55.13",
01/15/23 14:36:56.066,"839","19.54","55.23",
01/15/23 14:37:56.059,"841","19.53","55.2",
01/15/23 14:38:56.055,"837","19.54","55.17",
01/15/23 14:39:56.065,"839","19.56","55.2",
01/15/23 14:40:56.069,"834","19.57","55.26",
01/15/23 14:41:56.058,"831","19.57","55.26",
01/15/23 14:42:56.063,"827","19.57","55.2",
01/15/23 14:43:56.055,"824","19.57","55.1",
01/15/23 14:44:56.062,"819","19.62","55.01",
01/15/23 14:45:56.066,"817","19.64","54.92",
01/15/23 14:46:56.069,"817","19.66","54.82",
01/15/23 14:47:56.063,"823","19.68","54.76",
01/15/23 14:48:56.056,"826","19.72","54.66",
01/15/23 14:49:56.064,"826","19.73","54.6",
01/15/23 14:50:56.069,"830","19.74","54.51",
01/15/23 14:51:56.057,"828","19.79","54.48",
01/15/23 14:52:56.065,"826","19.75","54.44",
01/15/23 14:53:56.056,"825","19.71","54.38",
01/15/23 14:54:56.058,"823","19.72","54.54",
01/15/23 14:55:56.064,"820","19.71","54.38",
01/15/23 14:56:56.069,"813","19.7","54.44",
01/15/23 14:57:56.061,"820","19.68","54.41",
01/15/23 14:58:56.067,"812","19.68","54.41",
01/15/23 14:59:56.057,"811","19.68","54.48",
01/15/23 15:00:56.060,"817","19.68","54.44",
01/15/23 15:01:56.066,"820","19.69","54.48",
01/15/23 15:02:56.055,"817","19.67","54.48",
01/15/23 15:03:56.062,"820","19.63","54.54",
01/15/23 15:04:56.069,"821","19.59","54.57",
01/15/23 15:05:56.057,"817","19.59","54.57",
01/15/23 15:06:56.061,"817","19.59","54.57",
01/15/23 15:07:56.058,"814","19.57","54.57",
01/15/23 15:08:56.067,"814","19.55","54.63",
01/15/23 15:09:56.058,"815","19.54","54.63",
01/15/23 15:10:56.061,"812","19.54","54.66",
01/15/23 15:11:56.063,"812","19.54","54.7",
01/15/23 15:12:56.056,"816","19.53","54.73",
01/15/23 15:13:56.064,"815","19.5","54.73",
01/15/23 15:14:56.070,"815","19.5","54.76",
01/15/23 15:15:56.068,"817","19.46","54.79",
01/15/23 15:16:56.056,"812","19.45","54.85",
01/15/23 15:17:56.060,"816","19.43","54.88",
01/15/23 15:18:56.064,"809","19.41","54.92",
01/15/23 15:19:56.068,"812","19.4","54.92",
01/15/23 15:20:56.058,"813","19.39","54.98",
01/15/23 15:21:56.061,"813","19.38","55.04",
01/15/23 15:22:56.068,"815","19.38","55.01",
01/15/23 15:23:56.063,"813","19.36","55.04",
01/15/23 15:24:56.070,"821","19.38","55.1",
01/15/23 15:25:56.058,"823","19.36","55.13",
01/15/23 15:26:56.064,"831","19.36","55.2",
01/15/23 15:27:56.066,"831","19.36","55.13",
01/15/23 15:28:56.062,"825","19.35","55.17",
01/15/23 15:29:56.068,"822","19.34","55.23",
01/15/23 15:30:56.070,"823","19.33","55.26",
01/15/23 15:31:56.058,"829","19.33","55.29",
01/15/23 15:32:56.062,"820","19.3","55.26",
01/15/23 15:33:56.059,"822","19.31","55.26",
01/15/23 15:34:56.069,"823","19.28","55.32",
01/15/23 15:35:56.058,"832","19.28","55.42",
01/15/23 15:36:56.060,"851","19.28","55.67",
01/15/23 15:37:56.070,"847","19.32","55.61",
01/15/23 15:38:56.068,"843","19.39","55.39",
01/15/23 15:39:56.063,"832","19.48","55.13",
01/15/23 15:40:56.069,"824","19.58","54.88",
01/15/23 15:41:56.061,"804","19.59","54.66",
01/15/23 15:42:56.070,"797","19.62","54.63",
01/15/23 15:43:56.067,"801","19.59","54.48",
01/15/23 15:44:56.059,"799","19.6","54.51",
01/15/23 15:45:56.062,"801","19.6","54.54",
01/15/23 15:46:56.065,"800","19.59","54.57",
01/15/23 15:47:56.070,"796","19.61","54.6",
01/15/23 15:48:56.074,"797","19.58","54.66",
01/15/23 15:49:56.067,"800","19.54","54.73",
01/15/23 15:50:56.072,"796","19.53","54.79",
01/15/23 15:51:56.061,"798","19.51","54.82",
01/15/23 15:52:56.070,"798","19.5","54.88",
01/15/23 15:53:56.070,"798","19.48","54.92",
01/15/23 15:54:56.063,"796","19.47","54.95",
01/15/23 15:55:56.068,"787","19.45","54.95",
01/15/23 15:56:56.072,"783","19.45","54.95",
01/15/23 15:57:56.063,"790","19.44","55.01",
01/15/23 15:58:56.073,"792","19.43","55.01",
01/15/23 15:59:56.071,"794","19.44","55.07",
01/15/23 16:00:56.067,"793","19.43","55.1",
01/15/23 16:01:56.071,"789","19.43","55.07",
01/15/23 16:02:56.061,"788","19.42","55.1",
01/15/23 16:03:56.066,"786","19.41","55.1",
01/15/23 16:04:56.075,"789","19.38","55.2",
01/15/23 16:05:56.066,"805","19.39","55.26",
01/15/23 16:06:56.065,"804","19.41","55.2",
01/15/23 16:07:56.071,"799","19.38","55.26",
01/15/23 16:08:56.069,"793","19.39","55.13",
01/15/23 16:09:56.070,"801","19.4","55.13",
01/15/23 16:10:56.062,"794","19.37","55.13",
01/15/23 16:11:56.065,"789","19.37","55.2",
01/15/23 16:12:56.067,"785","19.35","55.17",
01/15/23 16:13:56.064,"783","19.34","55.2",
01/15/23 16:14:56.063,"784","19.33","55.2",
01/15/23 16:15:56.070,"789","19.33","55.26",
01/15/23 16:16:56.074,"793","19.33","55.26",
01/15/23 16:17:56.070,"790","19.31","55.32",
01/15/23 16:18:56.067,"791","19.3","55.32",
01/15/23 16:19:56.075,"791","19.28","55.35",
01/15/23 16:20:56.064,"789","19.29","55.29",
01/15/23 16:21:56.068,"812","19.32","55.26",
01/15/23 16:22:56.065,"800","19.28","55.29",
01/15/23 16:23:56.068,"794","19.28","55.32",
01/15/23 16:24:56.068,"792","19.28","55.26",
01/15/23 16:25:56.073,"794","19.27","55.26",
01/15/23 16:26:56.073,"795","19.24","55.32",
01/15/23 16:27:56.066,"788","19.25","55.29",
01/15/23 16:28:56.077,"786","19.26","55.26",
01/15/23 16:29:56.074,"788","19.24","55.32",
01/15/23 16:30:56.063,"785","19.24","55.29",
01/15/23 16:31:56.066,"787","19.23","55.32",
01/15/23 16:32:56.077,"783","19.23","55.32",
01/15/23 16:33:56.073,"775","19.22","55.29",
01/15/23 16:34:56.072,"775","19.22","55.29",
01/15/23 16:35:56.068,"781","19.22","55.32",
01/15/23 16:36:56.071,"785","19.22","55.32",
01/15/23 16:37:56.063,"778","19.21","55.35",
01/15/23 16:38:56.070,"783","19.2","55.35",
01/15/23 16:39:56.078,"783","19.21","55.39",
01/15/23 16:40:56.077,"779","19.21","55.32",
01/15/23 16:41:56.071,"774","19.2","55.29",
01/15/23 16:42:56.077,"780","19.21","55.26",
01/15/23 16:43:56.068,"776","19.21","55.23",
01/15/23 16:44:56.073,"788","19.2","55.35",
01/15/23 16:45:56.064,"792","19.17","55.39",
01/15/23 16:46:56.073,"786","19.16","55.39",
01/15/23 16:47:56.067,"783","19.17","55.32",
01/15/23 16:48:56.073,"781","19.18","55.23",
01/15/23 16:49:56.064,"799","19.2","55.32",
01/15/23 16:50:56.069,"834","19.2","55.64",
01/15/23 16:51:56.065,"843","19.26","55.51",
01/15/23 16:52:56.067,"813","19.39","55.04",
01/15/23 16:53:56.071,"795","19.48","54.76",
01/15/23 16:54:56.069,"787","19.49","54.63",
01/15/23 16:55:56.072,"777","19.51","54.48",
01/15/23 16:56:56.068,"771","19.52","54.41",
01/15/23 16:57:56.065,"771","19.52","54.32",
01/15/23 16:58:56.072,"773","19.52","54.35",
01/15/23 16:59:56.072,"770","19.5","54.35",
01/15/23 17:00:56.077,"774","19.49","54.38",
01/15/23 17:01:56.072,"764","19.47","54.48",
01/15/23 17:02:56.078,"762","19.44","54.54",
01/15/23 17:03:56.067,"762","19.42","54.6",
01/15/23 17:04:56.066,"764","19.42","54.63",
01/15/23 17:05:56.071,"766","19.42","54.7",
01/15/23 17:06:56.074,"765","19.4","54.7",
01/15/23 17:07:56.071,"763","19.41","54.73",
01/15/23 17:08:56.069,"758","19.4","54.73",
01/15/23 17:09:56.072,"761","19.38","54.79",
01/15/23 17:10:56.080,"762","19.38","54.82",
01/15/23 17:11:56.079,"757","19.36","54.82",
01/15/23 17:12:56.073,"757","19.36","54.85",
01/15/23 17:13:56.079,"764","19.33","54.92",
01/15/23 17:14:56.068,"781","19.36","54.92",
01/15/23 17:15:56.067,"771","19.34","54.92",
01/15/23 17:16:56.070,"770","19.32","54.92",
01/15/23 17:17:56.075,"773","19.31","54.95",
01/15/23 17:18:56.068,"766","19.32","54.92",
01/15/23 17:19:56.078,"765","19.31","54.88",
01/15/23 17:20:56.070,"768","19.29","54.95",
01/15/23 17:21:56.079,"765","19.27","55.01",
01/15/23 17:22:56.066,"766","19.25","55.01",
01/15/23 17:23:56.066,"760","19.26","55.01",
01/15/23 17:24:56.079,"766","19.26","55.07",
01/15/23 17:25:56.070,"768","19.26","54.95",
01/15/23 17:26:56.067,"769","19.22","55.04",
01/15/23 17:27:56.072,"773","19.22","55.07",
01/15/23 17:28:56.071,"767","19.21","55.07",
01/15/23 17:29:56.080,"764","19.2","55.07",
01/15/23 17:30:56.081,"767","19.21","55.04",
01/15/23 17:31:56.077,"762","19.2","55.04",
01/15/23 17:32:56.067,"763","19.21","54.98",
01/15/23 17:33:56.081,"761","19.22","54.92",
01/15/23 17:34:56.069,"762","19.24","54.88",
01/15/23 17:35:56.073,"767","19.23","54.92",
01/15/23 17:36:56.080,"766","19.2","54.92",
01/15/23 17:37:56.073,"766","19.2","55.01",
01/15/23 17:38:56.080,"777","19.23","54.92",
01/15/23 17:39:56.081,"772","19.24","54.85",
01/15/23 17:40:56.078,"778","19.21","54.88",
01/15/23 17:41:56.067,"772","19.21","54.92",
01/15/23 17:42:56.074,"775","19.21","54.88",
01/15/23 17:43:56.079,"778","19.2","54.95",
01/15/23 17:44:56.067,"772","19.18","54.95",
01/15/23 17:45:56.072,"773","19.2","54.88",
01/15/23 17:46:56.076,"780","19.2","54.88",
01/15/23 17:47:56.080,"771","19.19","54.88",
01/15/23 17:48:56.078,"772","19.18","54.92",
01/15/23 17:49:56.083,"773","19.18","54.88",
01/15/23 17:50:56.074,"776","19.16","54.92",
01/15/23 17:51:56.078,"774","19.14","55.01",
01/15/23 17:52:56.077,"775","19.15","55.01",
01/15/23 17:53:56.078,"780","19.12","55.07",
01/15/23 17:54:56.073,"781","19.12","55.07",
01/15/23 17:55:56.072,"780","19.12","55.13",
01/15/23 17:56:56.082,"779","19.11","55.29",
01/15/23 17:57:56.072,"789","19.11","55.26",
01/15/23 17:58:56.075,"802","19.12","55.45",
01/15/23 17:59:56.080,"813","19.23","55.26",
01/15/23 18:00:56.071,"810","19.35","54.95",
01/15/23 18:01:56.074,"791","19.41","54.73",
01/15/23 18:02:56.079,"794","19.45","54.57",
01/15/23 18:03:56.076,"792","19.46","54.57",
01/15/23 18:04:56.071,"800","19.46","54.51",
01/15/23 18:05:56.078,"793","19.47","54.48",
01/15/23 18:06:56.079,"802","19.45","54.57",
01/15/23 18:07:56.083,"798","19.44","54.57",
01/15/23 18:08:56.071,"799","19.42","54.63",
01/15/23 18:09:56.070,"793","19.41","54.54",
01/15/23 18:10:56.079,"794","19.38","54.6",
01/15/23 18:11:56.072,"793","19.38","54.63",
01/15/23 18:12:56.072,"786","19.38","54.63",
01/15/23 18:13:56.083,"782","19.37","54.7",
01/15/23 18:14:56.073,"781","19.35","54.7",
01/15/23 18:15:56.070,"776","19.34","54.7",
01/15/23 18:16:56.083,"777","19.34","54.7",
01/15/23 18:17:56.072,"776","19.33","54.66",
01/15/23 18:18:56.075,"772","19.31","54.7",
01/15/23 18:19:56.083,"771","19.32","54.73",
01/15/23 18:20:56.071,"774","19.3","54.7",
01/15/23 18:21:56.085,"769","19.28","54.7",
01/15/23 18:22:56.079,"774","19.27","54.82",
01/15/23 18:23:56.080,"773","19.24","54.82",
01/15/23 18:24:56.078,"767","19.22","54.79",
01/15/23 18:25:56.082,"771","19.21","54.82",
01/15/23 18:26:56.078,"770","19.21","54.82",
01/15/23 18:27:56.074,"766","19.2","54.88",
01/15/23 18:28:56.082,"764","19.18","54.88",
01/15/23 18:29:56.079,"766","19.16","54.88",
01/15/23 18:30:56.084,"764","19.16","54.92",
01/15/23 18:31:56.086,"758","19.15","54.95",
01/15/23 18:32:56.074,"765","19.13","54.92",
01/15/23 18:33:56.081,"757","19.13","54.92",
01/15/23 18:34:56.084,"755","19.12","54.88",
01/15/23 18:35:56.082,"756","19.11","54.92",
01/15/23 18:36:56.090,"752","19.09","54.98",
01/15/23 18:37:56.082,"757","19.1","54.95",
01/15/23 18:38:56.084,"757","19.1","55.01",
01/15/23 18:39:56.083,"756","19.1","54.88",
01/15/23 18:40:56.081,"754","19.1","54.88",
01/15/23 18:41:56.083,"744","19.1","54.82",
01/15/23 18:42:56.076,"745","19.12","54.88",
01/15/23 18:43:56.077,"742","19.1","54.85",
01/15/23 18:44:56.084,"745","19.09","54.88",
01/15/23 18:45:56.072,"743","19.08","54.92",
01/15/23 18:46:56.074,"739","19.07","54.85",
01/15/23 18:47:56.076,"740","19.07","54.85",
01/15/23 18:48:56.083,"739","19.06","54.82",
01/15/23 18:49:56.083,"741","19.03","54.85",
01/15/23 18:50:56.082,"739","19.04","54.85",
01/15/23 18:51:56.085,"729","19.04","54.82",
01/15/23 18:52:56.072,"739","19.02","54.88",
01/15/23 18:53:56.084,"734","19","54.92",
01/15/23 18:54:56.082,"742","19","54.98",
01/15/23 18:55:56.086,"747","19.02","54.95",
01/15/23 18:56:56.087,"748","19.04","54.88",
01/15/23 18:57:56.081,"748","19.13","54.66",
01/15/23 18:58:56.073,"743","19.24","54.41",
01/15/23 18:59:56.080,"735","19.31","54.13",
01/15/23 19:00:56.079,"737","19.34","54.04",
01/15/23 19:01:56.087,"729","19.35","53.91",
01/15/23 19:02:56.083,"731","19.36","53.88",
01/15/23 19:03:56.088,"731","19.36","53.79",
01/15/23 19:04:56.074,"727","19.36","53.82",
01/15/23 19:05:56.077,"731","19.35","53.85",
01/15/23 19:06:56.084,"735","19.33","53.88",
01/15/23 19:07:56.080,"729","19.31","53.94",
01/15/23 19:08:56.078,"726","19.29","54.01",
01/15/23 19:09:56.079,"725","19.28","54.07",
01/15/23 19:10:56.079,"725","19.25","54.1",
01/15/23 19:11:56.083,"729","19.26","54.13",
01/15/23 19:12:56.086,"727","19.24","54.19",
01/15/23 19:13:56.083,"719","19.24","54.19",
01/15/23 19:14:56.075,"724","19.23","54.22",
01/15/23 19:15:56.087,"724","19.22","54.19",
01/15/23 19:16:56.074,"721","19.21","54.22",
01/15/23 19:17:56.076,"724","19.22","54.22",
01/15/23 19:18:56.086,"726","19.19","54.26",
01/15/23 19:19:56.075,"725","19.16","54.32",
01/15/23 19:20:56.081,"729","19.15","54.32",
01/15/23 19:21:56.089,"730","19.14","54.32",
01/15/23 19:22:56.081,"726","19.12","54.41",
01/15/23 19:23:56.087,"729","19.1","54.48",
01/15/23 19:24:56.077,"732","19.07","54.51",
01/15/23 19:25:56.089,"728","19.07","54.51",
01/15/23 19:26:56.077,"730","19.06","54.51",
01/15/23 19:27:56.075,"728","19.06","54.54",
01/15/23 19:28:56.082,"732","19.04","54.57",
01/15/23 19:29:56.079,"729","19.02","54.57",
01/15/23 19:30:56.076,"727","19.02","54.6",
01/15/23 19:31:56.082,"729","19","54.6",
01/15/23 19:32:56.075,"731","18.99","54.63",
01/15/23 19:33:56.077,"726","18.98","54.63",
01/15/23 19:34:56.083,"728","18.97","54.66",
01/15/23 19:35:56.089,"730","18.97","54.66",
01/15/23 19:36:56.086,"731","18.98","54.7",
01/15/23 19:37:56.090,"729","18.96","54.66",
01/15/23 19:38:56.077,"734","18.96","54.66",
01/15/23 19:39:56.086,"727","18.96","54.63",
01/15/23 19:40:56.086,"733","18.99","54.54",
01/15/23 19:41:56.086,"728","18.99","54.57",
01/15/23 19:42:56.087,"733","18.99","54.51",
01/15/23 19:43:52.675,"731","18.99","54.54",
01/15/23 19:44:52.679,"729","18.98","54.51",
01/15/23 19:45:52.666,"731","18.96","54.6",
01/15/23 19:46:52.669,"736","18.96","54.6",
01/15/23 19:47:52.677,"732","18.98","54.57",
01/15/23 19:48:52.667,"727","18.97","54.54",
01/15/23 19:49:52.673,"732","18.96","54.57",
01/15/23 19:50:52.670,"731","18.94","54.63",
01/15/23 19:51:52.672,"732","18.94","54.57",
01/15/23 19:52:52.679,"734","18.95","54.54",
01/15/23 19:53:52.676,"731","18.93","54.6",
01/15/23 19:54:52.671,"735","18.9","54.7",
01/15/23 19:55:52.677,"731","18.92","54.7",
01/15/23 19:56:52.678,"748","18.92","54.82",
01/15/23 19:57:52.674,"754","18.96","54.73",
01/15/23 19:58:52.672,"755","19.06","54.54",
01/15/23 19:59:52.677,"751","19.18","54.22",
01/15/23 20:00:52.667,"749","19.23","54.04",
01/15/23 20:01:52.668,"747","19.26","53.88",
01/15/23 20:02:52.672,"741","19.28","53.82",
01/15/23 20:03:52.668,"744","19.28","53.82",
01/15/23 20:04:52.675,"744","19.28","53.79",
01/15/23 20:05:52.678,"748","19.27","53.82",
01/15/23 20:06:52.670,"744","19.26","53.79",
01/15/23 20:07:52.679,"742","19.24","53.85",
01/15/23 20:08:52.677,"743","19.22","53.91",
01/15/23 20:09:52.679,"745","19.22","53.91",
01/15/23 20:10:52.672,"741","19.2","54.01",
01/15/23 20:11:52.670,"740","19.19","54.01",
01/15/23 20:12:52.675,"745","19.18","54.01",
01/15/23 20:13:52.666,"738","19.17","54.04",
01/15/23 20:14:52.666,"738","19.15","54.07",
01/15/23 20:15:52.668,"738","19.14","54.13",
01/15/23 20:16:52.671,"738","19.13","54.13",
01/15/23 20:17:52.672,"733","19.13","54.13",
01/15/23 20:18:52.674,"732","19.13","54.13",
01/15/23 20:19:52.677,"737","19.13","54.1",
01/15/23 20:20:52.667,"738","19.11","54.16",
01/15/23 20:21:52.679,"728","19.1","54.16",
01/15/23 20:22:52.680,"730","19.1","54.16",
01/15/23 20:23:52.670,"729","19.08","54.19",
01/15/23 20:24:52.672,"731","19.04","54.26",
01/15/23 20:25:52.679,"731","19.04","54.29",
01/15/23 20:26:52.673,"737","19.02","54.32",
01/15/23 20:27:52.680,"733","19","54.38",
01/15/23 20:28:52.675,"731","19.01","54.32",
01/15/23 20:29:52.673,"733","18.99","54.38",
01/15/23 20:30:52.677,"733","18.98","54.41",
01/15/23 20:31:52.679,"729","18.96","54.48",
01/15/23 20:32:52.667,"732","18.94","54.44",
01/15/23 20:33:52.672,"731","18.93","54.48",
01/15/23 20:34:52.682,"733","18.93","54.51",
01/15/23 20:35:52.671,"731","18.92","54.48",
01/15/23 20:36:52.667,"731","18.92","54.51",
01/15/23 20:37:52.672,"734","18.92","54.51",
01/15/23 20:38:52.672,"733","18.9","54.57",
01/15/23 20:39:52.676,"731","18.88","54.57",
01/15/23 20:40:52.674,"730","18.89","54.54",
01/15/23 20:41:52.678,"731","18.89","54.51",
01/15/23 20:42:52.682,"727","18.9","54.51",
01/15/23 20:43:52.673,"728","18.92","54.38",
01/15/23 20:44:52.679,"723","18.92","54.38",
01/15/23 20:45:52.669,"727","18.92","54.38",
01/15/23 20:46:52.676,"729","18.9","54.44",
01/15/23 20:47:52.669,"726","18.89","54.44",
01/15/23 20:48:52.672,"726","18.89","54.48",
01/15/23 20:49:52.677,"725","18.9","54.44",
01/15/23 20:50:52.675,"724","18.89","54.51",
01/15/23 20:51:52.681,"721","18.89","54.44",
01/15/23 20:52:52.670,"722","18.88","54.48",
01/15/23 20:53:52.672,"725","18.87","54.44",
01/15/23 20:54:52.679,"727","18.86","54.44",
01/15/23 20:55:52.676,"725","18.84","54.48",
01/15/23 20:56:52.682,"723","18.84","54.48",
01/15/23 20:57:52.674,"723","18.81","54.54",
01/15/23 20:58:52.672,"719","18.82","54.57",
01/15/23 20:59:52.678,"724","18.8","54.63",
01/15/23 21:00:52.683,"733","18.83","54.7",
01/15/23 21:01:52.672,"735","18.87","54.7",
01/15/23 21:02:52.671,"738","18.96","54.44",
01/15/23 21:03:52.678,"736","19.1","54.13",
01/15/23 21:04:52.675,"736","19.18","53.88",
01/15/23 21:05:52.680,"733","19.2","53.69",
01/15/23 21:06:52.672,"726","19.23","53.69",
01/15/23 21:07:52.677,"730","19.23","53.63",
01/15/23 21:08:52.683,"727","19.22","53.63",
01/15/23 21:09:52.670,"727","19.23","53.63",
01/15/23 21:10:52.683,"725","19.2","53.66",
01/15/23 21:11:52.671,"727","19.2","53.69",
01/15/23 21:12:52.677,"728","19.18","53.79",
01/15/23 21:13:52.674,"729","19.15","53.82",
01/15/23 21:14:52.684,"726","19.15","53.82",
01/15/23 21:15:52.671,"725","19.13","53.82",
01/15/23 21:16:52.677,"724","19.12","53.85",
01/15/23 21:17:52.671,"720","19.12","53.88",
01/15/23 21:18:52.671,"722","19.09","53.94",
01/15/23 21:19:52.675,"724","19.09","53.94",
01/15/23 21:20:52.679,"716","19.08","54.01",
01/15/23 21:21:52.683,"722","19.06","54.04",
01/15/23 21:22:52.682,"722","19.05","54.07",
01/15/23 21:23:52.673,"717","19.03","54.07",
01/15/23 21:24:52.677,"715","19.03","54.07",
01/15/23 21:25:52.681,"717","19.03","54.04",
01/15/23 21:26:52.677,"717","19.01","54.07",
01/15/23 21:27:52.682,"712","19","54.1",
01/15/23 21:28:52.673,"716","18.98","54.16",
01/15/23 21:29:52.680,"715","18.95","54.19",
01/15/23 21:30:52.686,"715","18.95","54.19",
01/15/23 21:31:52.683,"718","18.94","54.22",
01/15/23 21:32:52.673,"714","18.93","54.29",
01/15/23 21:33:52.679,"717","18.91","54.29",
01/15/23 21:34:52.674,"713","18.9","54.32",
01/15/23 21:35:52.679,"715","18.89","54.32",
01/15/23 21:36:52.681,"714","18.88","54.35",
01/15/23 21:37:52.677,"712","18.88","54.35",
01/15/23 21:38:52.684,"713","18.87","54.38",
01/15/23 21:39:52.674,"712","18.86","54.41",
01/15/23 21:40:52.681,"710","18.84","54.41",
01/15/23 21:41:52.676,"712","18.83","54.41",
01/15/23 21:42:52.677,"708","18.83","54.41",
01/15/23 21:43:52.679,"706","18.82","54.41",
01/15/23 21:44:52.676,"711","18.83","54.35",
01/15/23 21:45:52.683,"712","18.8","54.44",
01/15/23 21:46:52.679,"709","18.78","54.54",
01/15/23 21:47:52.683,"714","18.81","54.44",
01/15/23 21:48:52.677,"728","18.8","54.7",
01/15/23 21:49:52.682,"743","18.79","54.85",
01/15/23 21:50:52.682,"751","18.8","54.82",
01/15/23 21:51:52.676,"747","18.81","54.88",
01/15/23 21:52:52.677,"745","18.82","54.85",
01/15/23 21:53:52.679,"764","18.82","54.92",
01/15/23 21:54:52.680,"768","18.83","54.95",
01/15/23 21:55:52.686,"771","18.84","55.01",
01/15/23 21:56:52.679,"781","18.84","55.01",
01/15/23 21:57:52.680,"792","18.8","55.13",
01/15/23 21:58:52.676,"796","18.77","55.2",
01/15/23 21:59:52.686,"808","18.73","55.48",
01/15/23 22:00:52.677,"804","18.76","55.45",
01/15/23 22:01:52.679,"805","18.76","55.39",
01/15/23 22:02:52.683,"799","18.75","55.39",
01/15/23 22:03:52.687,"796","18.74","55.26",
01/15/23 22:04:52.679,"786","18.76","55.26",
01/15/23 22:05:52.684,"788","18.8","55.29",
01/15/23 22:06:52.687,"835","18.86","55.54",
01/15/23 22:07:52.678,"799","18.92","54.95",
01/15/23 22:08:52.676,"807","18.99","55.29",
01/15/23 22:09:52.681,"823","19.11","54.82",
01/15/23 22:10:52.684,"789","19.21","54.32",
01/15/23 22:11:52.673,"786","19.26","54.04",
01/15/23 22:12:52.681,"782","19.26","53.88",
01/15/23 22:13:52.673,"789","19.27","53.88",
01/15/23 22:14:52.687,"792","19.25","53.91",
01/15/23 22:15:52.687,"792","19.22","53.94",
01/15/23 22:16:52.674,"802","19.21","54.07",
01/15/23 22:17:52.682,"802","19.16","54.19",
01/15/23 22:18:52.685,"798","19.17","54.19",
01/15/23 22:19:52.678,"800","19.16","54.32",
01/15/23 22:20:52.681,"796","19.16","54.22",
01/15/23 22:21:52.683,"798","19.13","54.29",
01/15/23 22:22:52.677,"801","19.08","54.48",
01/15/23 22:23:52.686,"798","19.08","54.54",
01/15/23 22:24:52.679,"795","19.08","54.51",
01/15/23 22:25:52.683,"792","19.06","54.51",
01/15/23 22:26:52.683,"802","19.04","54.6",
01/15/23 22:27:52.684,"803","19.05","54.63",
01/15/23 22:28:52.677,"807","19.02","54.63",
01/15/23 22:29:52.684,"822","18.99","54.7",
01/15/23 22:30:52.688,"829","18.96","54.98",
01/15/23 22:31:52.678,"815","18.96","55.04",
01/15/23 22:32:52.684,"821","18.96","55.01",
01/15/23 22:33:52.675,"827","18.94","55.01",
01/15/23 22:34:52.683,"823","18.94","54.98",
01/15/23 22:35:52.688,"802","19","54.82",
01/15/23 22:36:52.679,"808","18.97","54.79",
01/15/23 22:37:52.678,"807","18.98","54.73",
01/15/23 22:38:52.681,"807","18.99","54.73",
01/15/23 22:39:52.690,"804","18.96","54.7",
01/15/23 22:40:52.680,"801","18.96","54.7",
01/15/23 22:41:52.684,"802","18.93","54.7",
01/15/23 22:42:52.689,"797","18.92","54.7",
01/15/23 22:43:52.683,"797","18.87","54.76",
01/15/23 22:44:52.675,"795","18.9","54.73",
01/15/23 22:45:52.678,"789","18.87","54.7",
01/15/23 22:46:52.684,"788","18.88","54.63",
01/15/23 22:47:52.690,"786","18.88","54.57",
01/15/23 22:48:52.681,"786","18.89","54.57",
01/15/23 22:49:52.681,"781","18.88","54.57",
01/15/23 22:50:52.683,"783","18.83","54.66",
01/15/23 22:51:52.678,"785","18.82","54.7",
01/15/23 22:52:52.686,"778","18.83","54.63",
01/15/23 22:53:52.682,"783","18.85","54.63",
01/15/23 22:54:52.685,"774","18.83","54.57",
01/15/23 22:55:52.689,"779","18.83","54.63",
01/15/23 22:56:52.690,"775","18.82","54.63",
01/15/23 22:57:52.680,"772","18.81","54.66",
01/15/23 22:58:52.677,"773","18.8","54.63",
01/15/23 22:59:52.677,"769","18.79","54.66",
01/15/23 23:00:52.676,"773","18.78","54.63",
01/15/23 23:01:52.688,"767","18.77","54.57",
01/15/23 23:02:52.686,"767","18.76","54.6",
01/15/23 23:03:52.684,"764","18.79","54.48",
01/15/23 23:04:52.691,"769","18.8","54.63",
01/15/23 23:05:52.682,"768","18.8","54.57",
01/15/23 23:06:52.688,"771","18.88","54.38",
01/15/23 23:07:52.680,"767","19","54.07",
01/15/23 23:08:52.684,"767","19.09","53.82",
01/15/23 23:09:52.684,"762","19.12","53.66",
01/15/23 23:10:52.683,"764","19.14","53.57",
01/15/23 23:11:52.681,"760","19.14","53.5",
01/15/23 23:12:52.683,"755","19.12","53.44",
01/15/23 23:13:52.685,"753","19.12","53.44",
01/15/23 23:14:52.684,"755","19.11","53.47",
01/15/23 23:15:52.691,"753","19.1","53.5",
01/15/23 23:16:52.691,"750","19.07","53.6",
01/15/23 23:17:52.685,"748","19.03","53.69",
01/15/23 23:18:52.682,"750","19.01","53.75",
01/15/23 23:19:52.688,"750","19","53.82",
01/15/23 23:20:52.684,"751","18.98","53.79",
01/15/23 23:21:52.690,"745","18.95","53.85",
01/15/23 23:22:52.682,"738","18.95","53.88",
01/15/23 23:23:52.687,"745","18.95","53.85",
01/15/23 23:24:52.688,"741","18.94","53.88",
01/15/23 23:25:52.689,"743","18.93","53.88",
01/15/23 23:26:52.680,"739","18.9","53.91",
01/15/23 23:27:52.689,"743","18.88","53.97",
01/15/23 23:28:52.693,"741","18.87","54.01",
01/15/23 23:29:52.681,"738","18.85","54.01",
01/15/23 23:30:52.685,"740","18.83","54.07",
01/15/23 23:31:52.690,"738","18.84","54.04",
01/15/23 23:32:52.682,"738","18.82","54.13",
01/15/23 23:33:52.681,"737","18.8","54.13",
01/15/23 23:34:52.680,"733","18.78","54.07",
01/15/23 23:35:52.688,"736","18.75","54.19",
01/15/23 23:36:52.693,"738","18.74","54.22",
01/15/23 23:37:52.686,"737","18.73","54.22",
01/15/23 23:38:52.691,"734","18.74","54.26",
01/15/23 23:39:52.681,"733","18.73","54.22",
01/15/23 23:40:52.690,"737","18.71","54.26",
01/15/23 23:41:52.679,"731","18.72","54.22",
01/15/23 23:42:52.679,"731","18.71","54.19",
01/15/23 23:43:52.681,"733","18.7","54.26",
01/15/23 23:44:52.682,"736","18.74","54.29",
01/15/23 23:45:52.689,"743","18.74","54.26",
01/15/23 23:46:52.684,"745","18.79","54.13",
01/15/23 23:47:52.685,"735","18.89","53.88",
01/15/23 23:48:52.679,"734","19.03","53.57",
01/15/23 23:49:52.689,"729","19.06","53.38",
01/15/23 23:50:52.693,"734","19.09","53.16",
01/15/23 23:51:52.683,"729","19.12","53.19",
01/15/23 23:52:52.693,"724","19.1","53.13",
01/15/23 23:53:52.685,"724","19.08","53.13",
01/15/23 23:54:52.679,"726","19.07","53.16",
01/15/23 23:55:52.692,"721","19.08","53.13",
01/15/23 23:56:52.689,"717","19.06","53.19",
01/15/23 23:57:52.692,"722","19.05","53.25",
01/15/23 23:58:52.688,"722","19.03","53.28",
01/15/23 23:59:52.684,"715","19.02","53.35",
01/16/23 0:00:52.690,"714","19","53.38",
01/16/23 0:01:52.691,"713","19","53.38",
01/16/23 0:02:52.694,"712","18.97","53.38",
01/16/23 0:03:52.689,"710","18.98","53.38",
01/16/23 0:04:52.686,"709","18.97","53.41",
01/16/23 0:05:52.688,"707","18.94","53.41",
01/16/23 0:06:52.693,"708","18.94","53.41",
01/16/23 0:07:52.686,"706","18.93","53.44",
01/16/23 0:08:52.694,"706","18.92","53.47",
01/16/23 0:09:52.685,"705","18.92","53.44",
01/16/23 0:10:52.688,"701","18.92","53.44",
01/16/23 0:11:52.680,"706","18.89","53.47",
01/16/23 0:12:52.682,"702","18.88","53.5",
01/16/23 0:13:52.683,"700","18.88","53.5",
01/16/23 0:14:52.695,"702","18.87","53.5",
01/16/23 0:15:52.696,"699","18.87","53.5",
01/16/23 0:16:52.687,"697","18.88","53.47",
01/16/23 0:17:52.683,"694","18.86","53.5",
01/16/23 0:18:52.689,"693","18.86","53.47",
01/16/23 0:19:52.684,"696","18.84","53.53",
01/16/23 0:20:52.696,"696","18.84","53.5",
01/16/23 0:21:52.684,"696","18.83","53.5",
01/16/23 0:22:52.687,"694","18.82","53.57",
01/16/23 0:23:52.682,"696","18.8","53.57",
01/16/23 0:24:52.686,"698","18.79","53.6",
01/16/23 0:25:52.686,"691","18.77","53.66",
01/16/23 0:26:52.686,"691","18.75","53.66",
01/16/23 0:27:52.696,"694","18.74","53.66",
01/16/23 0:28:52.687,"703","18.75","53.79",
01/16/23 0:29:52.685,"695","18.74","53.72",
01/16/23 0:30:52.692,"698","18.73","53.72",
01/16/23 0:31:52.687,"710","18.74","53.66",
01/16/23 0:32:52.688,"712","18.7","53.75",
01/16/23 0:33:52.693,"704","18.7","53.75",
01/16/23 0:34:52.696,"710","18.7","53.72",
01/16/23 0:35:52.686,"710","18.68","53.79",
01/16/23 0:36:52.683,"716","18.68","53.91",
01/16/23 0:37:52.684,"731","18.68","54.04",
01/16/23 0:38:52.689,"735","18.68","54.13",
01/16/23 0:39:52.686,"752","18.76","54.04",
01/16/23 0:40:52.684,"760","18.86","53.85",
01/16/23 0:41:52.697,"756","18.96","53.57",
01/16/23 0:42:52.685,"747","19","53.38",
01/16/23 0:43:52.685,"743","19.02","53.25",
01/16/23 0:44:52.698,"749","19.04","53.19",
01/16/23 0:45:52.694,"755","19.03","53.19",
01/16/23 0:46:52.688,"752","19.06","53.16",
01/16/23 0:47:52.686,"748","19.03","53.16",
01/16/23 0:48:52.696,"762","19.04","53.32",
01/16/23 0:49:52.690,"752","19.02","53.32",
01/16/23 0:50:52.697,"751","19","53.38",
01/16/23 0:51:52.690,"755","18.98","53.44",
01/16/23 0:52:52.690,"752","18.96","53.44",
01/16/23 0:53:52.688,"754","18.96","53.47",
01/16/23 0:54:52.692,"753","18.96","53.47",
01/16/23 0:55:52.696,"749","18.93","53.5",
01/16/23 0:56:52.699,"753","18.93","53.5",
01/16/23 0:57:52.695,"749","18.92","53.53",
01/16/23 0:58:52.691,"749","18.91","53.53",
01/16/23 0:59:52.694,"752","18.89","53.57",
01/16/23 1:00:52.694,"748","18.88","53.57",
01/16/23 1:01:52.685,"743","18.85","53.63",
01/16/23 1:02:52.696,"751","18.82","53.66",
01/16/23 1:03:52.692,"751","18.8","53.72",
01/16/23 1:04:52.699,"749","18.8","53.75",
01/16/23 1:05:52.690,"748","18.76","53.79",
01/16/23 1:06:52.693,"748","18.76","53.79",
01/16/23 1:07:52.699,"747","18.76","53.82",
01/16/23 1:08:52.687,"747","18.74","53.82",
01/16/23 1:09:52.688,"750","18.73","53.85",
01/16/23 1:10:52.685,"749","18.72","53.91",
01/16/23 1:11:52.689,"750","18.68","53.97",
01/16/23 1:12:52.693,"744","18.67","54.01",
01/16/23 1:13:52.698,"745","18.66","53.97",
01/16/23 1:14:52.693,"745","18.65","53.94",
01/16/23 1:15:52.687,"745","18.65","53.94",
01/16/23 1:16:52.697,"743","18.66","53.94",
01/16/23 1:17:52.697,"740","18.66","53.94",
01/16/23 1:18:52.688,"743","18.66","53.85",
01/16/23 1:19:52.693,"737","18.66","53.82",
01/16/23 1:20:52.693,"736","18.66","53.85",
01/16/23 1:21:52.699,"734","18.66","53.82",
01/16/23 1:22:52.691,"731","18.66","53.79",
01/16/23 1:23:52.698,"729","18.67","53.75",
01/16/23 1:24:52.686,"726","18.66","53.75",
01/16/23 1:25:52.695,"729","18.66","53.72",
01/16/23 1:26:52.692,"729","18.66","53.72",
01/16/23 1:27:52.697,"733","18.64","53.69",
01/16/23 1:28:52.695,"727","18.64","53.69",
01/16/23 1:29:52.701,"726","18.63","53.69",
01/16/23 1:30:52.695,"727","18.61","53.69",
01/16/23 1:31:52.700,"735","18.63","53.72",
01/16/23 1:32:52.696,"743","18.63","53.88",
01/16/23 1:33:52.697,"754","18.66","53.82",
01/16/23 1:34:52.696,"762","18.76","53.6",
01/16/23 1:35:52.701,"766","18.88","53.38",
01/16/23 1:36:52.700,"767","18.95","53.13",
01/16/23 1:37:52.687,"768","18.98","53",
01/16/23 1:38:52.696,"770","19","53",
01/16/23 1:39:52.691,"764","19","52.94",
01/16/23 1:40:52.691,"763","19","52.88",
01/16/23 1:41:52.699,"766","18.99","52.88",
01/16/23 1:42:52.701,"769","18.97","52.94",
01/16/23 1:43:52.697,"766","18.96","52.94",
01/16/23 1:44:52.700,"759","18.96","53",
01/16/23 1:45:52.694,"760","18.94","53.06",
01/16/23 1:46:52.702,"757","18.9","53.13",
01/16/23 1:47:52.692,"752","18.88","53.13",
01/16/23 1:48:52.697,"753","18.88","53.16",
01/16/23 1:49:52.697,"748","18.87","53.16",
01/16/23 1:50:52.697,"741","18.86","53.22",
01/16/23 1:51:52.700,"749","18.86","53.25",
01/16/23 1:52:52.690,"743","18.85","53.28",
01/16/23 1:53:52.700,"743","18.84","53.35",
01/16/23 1:54:52.699,"745","18.83","53.44",
01/16/23 1:55:52.700,"745","18.82","53.41",
01/16/23 1:56:52.690,"746","18.82","53.47",
01/16/23 1:57:52.688,"749","18.8","53.5",
01/16/23 1:58:52.700,"752","18.81","53.5",
01/16/23 1:59:52.701,"758","18.81","53.5",
01/16/23 2:00:52.695,"758","18.8","53.5",
01/16/23 2:01:52.692,"761","18.78","53.53",
01/16/23 2:02:52.694,"761","18.76","53.57",
01/16/23 2:03:52.702,"764","18.73","53.6",
01/16/23 2:04:52.701,"764","18.74","53.63",
01/16/23 2:05:52.695,"763","18.71","53.63",
01/16/23 2:06:52.691,"764","18.69","53.69",
01/16/23 2:07:52.701,"764","18.68","53.69",
01/16/23 2:08:52.703,"762","18.67","53.72",
01/16/23 2:09:52.689,"761","18.66","53.72",
01/16/23 2:10:52.701,"761","18.65","53.79",
01/16/23 2:11:52.692,"762","18.62","53.82",
01/16/23 2:12:52.693,"761","18.62","53.82",
01/16/23 2:13:52.697,"759","18.61","53.85",
01/16/23 2:14:52.693,"766","18.6","53.88",
01/16/23 2:15:52.704,"763","18.58","53.91",
01/16/23 2:16:52.693,"765","18.58","53.88",
01/16/23 2:17:52.704,"763","18.57","53.94",
01/16/23 2:18:52.693,"761","18.58","53.94",
01/16/23 2:19:52.694,"761","18.57","53.91",
01/16/23 2:20:52.701,"762","18.57","53.91",
01/16/23 2:21:52.694,"750","18.6","53.82",
01/16/23 2:22:52.699,"764","18.6","53.88",
01/16/23 2:23:52.706,"780","18.62","54.01",
01/16/23 2:24:52.697,"776","18.7","53.79",
01/16/23 2:25:52.695,"783","18.85","53.5",
01/16/23 2:26:52.701,"795","18.92","53.35",
01/16/23 2:27:52.698,"790","18.96","53.16",
01/16/23 2:28:52.700,"780","19","53",
01/16/23 2:29:52.703,"786","19","52.97",
01/16/23 2:30:52.700,"787","19.02","53",
01/16/23 2:31:52.693,"789","19","53",
01/16/23 2:32:52.703,"786","18.98","53",
01/16/23 2:33:52.705,"790","18.97","53.03",
01/16/23 2:34:52.706,"791","18.94","53.13",
01/16/23 2:35:52.704,"788","18.91","53.16",
01/16/23 2:36:52.693,"786","18.89","53.25",
01/16/23 2:37:52.697,"782","18.88","53.28",
01/16/23 2:38:52.705,"783","18.88","53.25",
01/16/23 2:39:52.693,"781","18.82","53.35",
01/16/23 2:40:52.696,"778","18.8","53.38",
01/16/23 2:41:52.703,"777","18.8","53.44",
01/16/23 2:42:52.692,"779","18.79","53.41",
01/16/23 2:43:52.700,"775","18.77","53.5",
01/16/23 2:44:52.703,"775","18.76","53.47",
01/16/23 2:45:52.707,"776","18.74","53.53",
01/16/23 2:46:52.703,"774","18.71","53.6",
01/16/23 2:47:52.699,"774","18.69","53.63",
01/16/23 2:48:52.694,"774","18.67","53.66",
01/16/23 2:49:52.707,"778","18.67","53.69",
01/16/23 2:50:52.695,"772","18.67","53.72",
01/16/23 2:51:52.702,"774","18.66","53.69",
01/16/23 2:52:52.693,"766","18.65","53.69",
01/16/23 2:53:52.703,"767","18.65","53.66",
01/16/23 2:54:52.705,"770","18.64","53.66",
01/16/23 2:55:52.703,"769","18.64","53.69",
01/16/23 2:56:52.698,"770","18.64","53.69",
01/16/23 2:57:52.702,"771","18.64","53.69",
01/16/23 2:58:52.696,"767","18.64","53.69",
01/16/23 2:59:52.700,"771","18.65","53.63",
01/16/23 3:00:52.697,"769","18.64","53.72",
01/16/23 3:01:52.707,"772","18.63","53.69",
01/16/23 3:02:52.703,"773","18.62","53.72",
01/16/23 3:03:52.696,"770","18.6","53.75",
01/16/23 3:04:52.703,"769","18.6","53.72",
01/16/23 3:05:52.694,"771","18.58","53.72",
01/16/23 3:06:52.708,"772","18.58","53.79",
01/16/23 3:07:52.700,"775","18.56","53.82",
01/16/23 3:08:52.701,"778","18.55","53.82",
01/16/23 3:09:52.708,"778","18.53","53.82",
01/16/23 3:10:52.707,"776","18.55","53.79",
01/16/23 3:11:52.703,"779","18.56","53.94",
01/16/23 3:12:52.703,"794","18.59","53.97",
01/16/23 3:13:52.703,"806","18.67","53.82",
01/16/23 3:14:52.699,"809","18.79","53.57",
01/16/23 3:15:52.706,"801","18.85","53.38",
01/16/23 3:16:52.698,"795","18.9","53.13",
01/16/23 3:17:52.700,"783","18.91","53.06",
01/16/23 3:18:52.706,"788","18.92","53",
01/16/23 3:19:52.699,"795","18.93","52.97",
01/16/23 3:20:52.709,"801","18.9","52.97",
01/16/23 3:21:52.700,"798","18.91","52.97",
01/16/23 3:22:52.699,"807","18.9","53.06",
01/16/23 3:23:52.705,"799","18.87","53.1",
01/16/23 3:24:52.703,"794","18.84","53.13",
01/16/23 3:25:52.698,"786","18.84","53.1",
01/16/23 3:26:52.707,"784","18.82","53.13",
01/16/23 3:27:52.707,"778","18.8","53.19",
01/16/23 3:28:52.705,"775","18.8","53.22",
01/16/23 3:29:52.696,"781","18.8","53.25",
01/16/23 3:30:52.696,"776","18.78","53.25",
01/16/23 3:31:52.705,"774","18.78","53.22",
01/16/23 3:32:52.703,"777","18.78","53.25",
01/16/23 3:33:52.701,"774","18.75","53.28",
01/16/23 3:34:52.703,"775","18.76","53.25",
01/16/23 3:35:52.702,"771","18.73","53.32",
01/16/23 3:36:52.703,"776","18.72","53.28",
01/16/23 3:37:52.697,"778","18.7","53.35",
01/16/23 3:38:52.703,"779","18.68","53.41",
01/16/23 3:39:52.708,"778","18.66","53.44",
01/16/23 3:40:52.709,"779","18.65","53.5",
01/16/23 3:41:52.700,"779","18.62","53.53",
01/16/23 3:42:52.702,"781","18.64","53.5",
01/16/23 3:43:52.707,"781","18.59","53.53",
01/16/23 3:44:52.708,"782","18.6","53.57",
01/16/23 3:45:52.700,"779","18.58","53.57",
01/16/23 3:46:52.706,"777","18.56","53.57",
01/16/23 3:47:52.706,"779","18.58","53.57",
01/16/23 3:48:52.702,"782","18.56","53.66",
01/16/23 3:49:52.712,"783","18.53","53.69",
01/16/23 3:50:52.705,"780","18.52","53.69",
01/16/23 3:51:52.700,"778","18.54","53.69",
01/16/23 3:52:52.704,"778","18.52","53.72",
01/16/23 3:53:52.707,"783","18.54","53.82",
01/16/23 3:54:52.703,"795","18.55","53.82",
01/16/23 3:55:52.701,"808","18.63","53.72",
01/16/23 3:56:52.706,"805","18.75","53.41",
01/16/23 3:57:52.701,"807","18.88","53.16",
01/16/23 3:58:52.699,"816","18.9","53.03",
01/16/23 3:59:52.700,"805","18.95","52.88",
01/16/23 4:00:52.699,"805","18.93","52.88",
01/16/23 4:01:52.707,"797","18.94","52.81",
01/16/23 4:02:52.706,"802","18.94","52.88",
01/16/23 4:03:52.700,"801","18.91","52.84",
01/16/23 4:04:52.708,"801","18.91","52.88",
01/16/23 4:05:52.698,"791","18.9","52.91",
01/16/23 4:06:52.711,"789","18.88","52.88",
01/16/23 4:07:52.699,"786","18.86","52.91",
01/16/23 4:08:52.705,"784","18.84","52.94",
01/16/23 4:09:52.707,"791","18.82","53",
01/16/23 4:10:52.701,"790","18.79","53.06",
01/16/23 4:11:52.707,"794","18.76","53.13",
01/16/23 4:12:52.700,"792","18.73","53.19",
01/16/23 4:13:52.703,"788","18.74","53.16",
01/16/23 4:14:52.703,"785","18.73","53.19",
01/16/23 4:15:52.706,"792","18.72","53.19",
01/16/23 4:16:52.708,"787","18.7","53.28",
01/16/23 4:17:52.712,"787","18.68","53.32",
01/16/23 4:18:52.703,"784","18.66","53.32",
01/16/23 4:19:52.707,"789","18.64","53.38",
01/16/23 4:20:52.709,"789","18.62","53.44",
01/16/23 4:21:52.713,"791","18.6","53.47",
01/16/23 4:22:52.705,"788","18.59","53.5",
01/16/23 4:23:52.711,"791","18.58","53.5",
01/16/23 4:24:52.702,"788","18.58","53.53",
01/16/23 4:25:52.708,"793","18.57","53.53",
01/16/23 4:26:52.714,"794","18.56","53.57",
01/16/23 4:27:52.706,"792","18.56","53.6",
01/16/23 4:28:52.705,"791","18.56","53.6",
01/16/23 4:29:52.713,"790","18.58","53.53",
01/16/23 4:30:52.705,"793","18.56","53.57",
01/16/23 4:31:52.706,"791","18.56","53.53",
01/16/23 4:32:52.709,"793","18.55","53.57",
01/16/23 4:33:52.715,"792","18.54","53.57",
01/16/23 4:34:52.706,"787","18.56","53.57",
01/16/23 4:35:52.711,"789","18.55","53.53",
01/16/23 4:36:52.705,"790","18.55","53.53",
01/16/23 4:37:52.706,"796","18.55","53.53",
01/16/23 4:38:52.716,"796","18.54","53.53",
01/16/23 4:39:52.708,"800","18.54","53.53",
01/16/23 4:40:52.714,"799","18.54","53.57",
01/16/23 4:41:52.703,"801","18.51","53.6",
01/16/23 4:42:52.715,"802","18.5","53.66",
01/16/23 4:43:52.704,"802","18.5","53.69",
01/16/23 4:44:52.715,"807","18.52","53.69",
01/16/23 4:45:52.703,"823","18.52","53.85",
01/16/23 4:46:52.706,"834","18.61","53.79",
01/16/23 4:47:52.710,"847","18.72","53.57",
01/16/23 4:48:52.717,"847","18.84","53.28",
01/16/23 4:49:52.712,"845","18.91","53.06",
01/16/23 4:50:52.712,"833","18.92","52.97",
01/16/23 4:51:52.703,"835","18.92","52.91",
01/16/23 4:52:52.706,"841","18.92","52.94",
01/16/23 4:53:52.710,"848","18.9","52.88",
01/16/23 4:54:52.710,"853","18.88","53",
01/16/23 4:55:52.709,"854","18.88","53.06",
01/16/23 4:56:52.714,"854","18.86","53.06",
01/16/23 4:57:52.712,"850","18.84","53.19",
01/16/23 4:58:52.712,"844","18.83","53.16",
01/16/23 4:59:52.713,"840","18.8","53.22",
01/16/23 5:00:52.711,"835","18.78","53.25",
01/16/23 5:01:52.705,"836","18.78","53.25",
01/16/23 5:02:52.715,"829","18.77","53.16",
01/16/23 5:03:52.708,"825","18.76","53.19",
01/16/23 5:04:52.718,"826","18.76","53.22",
01/16/23 5:05:52.709,"823","18.74","53.25",
01/16/23 5:06:52.705,"826","18.74","53.32",
01/16/23 5:07:52.714,"824","18.71","53.32",
01/16/23 5:08:52.707,"828","18.71","53.35",
01/16/23 5:09:52.704,"834","18.7","53.38",
01/16/23 5:10:52.717,"834","18.69","53.38",
01/16/23 5:11:52.708,"828","18.7","53.38",
01/16/23 5:12:52.710,"834","18.69","53.38",
01/16/23 5:13:52.708,"834","18.68","53.44",
01/16/23 5:14:52.706,"841","18.66","53.5",
01/16/23 5:15:52.705,"842","18.64","53.57",
01/16/23 5:16:52.712,"844","18.62","53.63",
01/16/23 5:17:52.716,"848","18.62","53.66",
01/16/23 5:18:52.710,"845","18.59","53.69",
01/16/23 5:19:52.708,"845","18.58","53.75",
01/16/23 5:20:52.719,"847","18.56","53.82",
01/16/23 5:21:52.715,"845","18.54","53.79",
01/16/23 5:22:52.708,"843","18.53","53.85",
01/16/23 5:23:52.709,"843","18.51","53.88",
01/16/23 5:24:52.715,"843","18.52","53.85",
01/16/23 5:25:52.717,"844","18.51","53.88",
01/16/23 5:26:52.709,"844","18.51","53.88",
01/16/23 5:27:52.718,"847","18.5","53.91",
01/16/23 5:28:52.720,"846","18.49","53.91",
01/16/23 5:29:52.713,"842","18.47","53.97",
01/16/23 5:30:52.713,"844","18.46","53.97",
01/16/23 5:31:52.719,"845","18.44","54.04",
01/16/23 5:32:52.714,"842","18.45","53.97",
01/16/23 5:33:52.713,"843","18.46","53.97",
01/16/23 5:34:52.720,"840","18.47","53.97",
01/16/23 5:35:52.715,"831","18.49","53.69",
01/16/23 5:36:52.708,"847","18.5","53.88",
01/16/23 5:37:52.714,"856","18.54","54.07",
01/16/23 5:38:52.721,"865","18.62","53.88",
01/16/23 5:39:52.711,"877","18.74","53.72",
01/16/23 5:40:52.711,"876","18.86","53.44",
01/16/23 5:41:52.717,"861","18.9","53.25",
01/16/23 5:42:52.719,"856","18.92","53.06",
01/16/23 5:43:52.720,"858","18.95","53",
01/16/23 5:44:52.717,"867","18.95","53.03",
01/16/23 5:45:52.707,"875","18.92","53.19",
01/16/23 5:46:52.714,"880","18.9","53.25",
01/16/23 5:47:52.717,"874","18.88","53.25",
01/16/23 5:48:52.711,"876","18.87","53.28",
01/16/23 5:49:52.708,"862","18.84","53.32",
01/16/23 5:50:52.716,"861","18.83","53.35",
01/16/23 5:51:52.706,"864","18.8","53.35",
01/16/23 5:52:52.712,"862","18.77","53.44",
01/16/23 5:53:52.720,"862","18.75","53.47",
01/16/23 5:54:52.719,"861","18.74","53.5",
01/16/23 5:55:52.706,"861","18.72","53.53",
01/16/23 5:56:52.708,"859","18.69","53.63",
01/16/23 5:57:52.708,"858","18.71","53.57",
01/16/23 5:58:52.721,"856","18.67","53.63",
01/16/23 5:59:52.711,"853","18.67","53.63",
01/16/23 6:00:52.715,"858","18.64","53.69",
01/16/23 6:01:52.711,"857","18.64","53.75",
01/16/23 6:02:52.712,"854","18.62","53.79",
01/16/23 6:03:52.722,"855","18.62","53.85",
01/16/23 6:04:52.713,"859","18.62","53.82",
01/16/23 6:05:52.710,"857","18.6","53.85",
01/16/23 6:06:52.707,"854","18.59","53.85",
01/16/23 6:07:52.718,"855","18.59","53.82",
01/16/23 6:08:52.710,"857","18.59","53.82",
01/16/23 6:09:52.713,"855","18.58","53.85",
01/16/23 6:10:52.720,"854","18.59","53.82",
01/16/23 6:11:52.709,"856","18.58","53.82",
01/16/23 6:12:52.712,"848","18.56","53.82",
01/16/23 6:13:52.710,"858","18.59","53.82",
01/16/23 6:14:52.717,"853","18.58","53.85",
01/16/23 6:15:52.715,"849","18.57","53.88",
01/16/23 6:16:52.721,"851","18.55","53.91",
01/16/23 6:17:52.716,"854","18.54","53.94",
01/16/23 6:18:52.713,"856","18.52","54.01",
01/16/23 6:19:52.718,"859","18.5","54.1",
01/16/23 6:20:52.720,"860","18.5","54.13",
01/16/23 6:21:52.722,"858","18.5","54.19",
01/16/23 6:22:52.716,"863","18.47","54.26",
01/16/23 6:23:52.710,"863","18.46","54.35",
01/16/23 6:24:52.716,"867","18.46","54.38",
01/16/23 6:25:52.709,"864","18.43","54.41",
01/16/23 6:26:52.721,"865","18.44","54.44",
01/16/23 6:27:52.716,"864","18.42","54.51",
01/16/23 6:28:52.714,"863","18.42","54.51",
01/16/23 6:29:52.709,"863","18.42","54.54",
01/16/23 6:30:52.714,"866","18.4","54.57",
01/16/23 6:31:52.719,"863","18.39","54.66",
01/16/23 6:32:52.724,"858","18.39","54.54",
01/16/23 6:33:52.713,"861","18.39","54.63",
01/16/23 6:34:52.718,"864","18.36","54.7",
01/16/23 6:35:52.713,"864","18.38","54.76",
01/16/23 6:36:52.716,"861","18.35","54.7",
01/16/23 6:37:52.723,"860","18.37","54.63",
01/16/23 6:38:52.721,"867","18.4","54.76",
01/16/23 6:39:52.714,"873","18.42","54.85",
01/16/23 6:40:52.719,"888","18.51","54.7",
01/16/23 6:41:52.723,"894","18.67","54.51",
01/16/23 6:42:52.713,"894","18.78","54.19",
01/16/23 6:43:52.718,"878","18.83","53.85",
01/16/23 6:44:52.721,"883","18.87","53.72",
01/16/23 6:45:52.716,"871","18.87","53.63",
01/16/23 6:46:52.721,"877","18.87","53.63",
01/16/23 6:47:52.712,"879","18.84","53.69",
01/16/23 6:48:52.717,"881","18.85","53.82",
01/16/23 6:49:52.723,"882","18.82","53.91",
01/16/23 6:50:52.716,"875","18.81","53.94",
01/16/23 6:51:52.719,"880","18.79","53.94",
01/16/23 6:52:52.713,"880","18.76","53.97",
01/16/23 6:53:52.720,"877","18.74","54.07",
01/16/23 6:54:52.711,"876","18.7","54.07",
01/16/23 6:55:52.720,"878","18.7","54.13",
01/16/23 6:56:52.722,"867","18.68","54.1",
01/16/23 6:57:52.711,"872","18.66","54.13",
01/16/23 6:58:52.716,"874","18.64","54.22",
01/16/23 6:59:52.725,"870","18.63","54.19",
01/16/23 7:00:52.714,"865","18.62","54.26",
01/16/23 7:01:52.720,"874","18.59","54.32",
01/16/23 7:02:52.725,"869","18.58","54.32",
01/16/23 7:03:52.714,"869","18.56","54.38",
01/16/23 7:04:52.719,"873","18.56","54.38",
01/16/23 7:05:52.725,"867","18.56","54.41",
01/16/23 7:06:52.712,"870","18.54","54.44",
01/16/23 7:07:52.721,"870","18.54","54.41",
01/16/23 7:08:52.713,"869","18.51","54.44",
01/16/23 7:09:52.719,"868","18.5","54.51",
01/16/23 7:10:52.717,"866","18.49","54.51",
01/16/23 7:11:52.721,"870","18.48","54.51",
01/16/23 7:12:52.714,"867","18.48","54.48",
01/16/23 7:13:52.712,"861","18.49","54.48",
01/16/23 7:14:52.720,"864","18.48","54.48",
01/16/23 7:15:52.727,"862","18.47","54.48",
01/16/23 7:16:52.714,"864","18.47","54.44",
01/16/23 7:17:52.722,"858","18.48","54.35",
01/16/23 7:18:52.727,"857","18.49","54.32",
01/16/23 7:19:52.717,"858","18.48","54.29",
01/16/23 7:20:52.721,"852","18.48","54.29",
01/16/23 7:21:52.724,"854","18.48","54.26",
01/16/23 7:22:52.719,"857","18.48","54.29",
01/16/23 7:23:52.727,"855","18.47","54.29",
01/16/23 7:24:52.719,"859","18.45","54.38",
01/16/23 7:25:52.724,"858","18.43","54.41",
01/16/23 7:26:52.712,"861","18.44","54.41",
01/16/23 7:27:52.720,"863","18.42","54.48",
01/16/23 7:28:52.715,"862","18.4","54.54",
01/16/23 7:29:52.724,"858","18.4","54.51",
01/16/23 7:30:52.713,"851","18.4","54.51",
01/16/23 7:31:52.717,"860","18.42","54.51",
01/16/23 7:32:52.722,"874","18.46","54.66",
01/16/23 7:33:52.715,"886","18.54","54.6",
01/16/23 7:34:52.724,"892","18.66","54.41",
01/16/23 7:35:52.727,"881","18.78","53.88",
01/16/23 7:36:52.715,"879","18.83","53.75",
01/16/23 7:37:52.724,"880","18.84","53.66",
01/16/23 7:38:52.718,"864","18.85","53.57",
01/16/23 7:39:52.728,"867","18.86","53.44",
01/16/23 7:40:52.717,"881","18.85","53.57",
01/16/23 7:41:52.723,"880","18.84","53.69",
01/16/23 7:42:52.713,"882","18.82","53.75",
01/16/23 7:43:52.719,"880","18.79","53.79",
01/16/23 7:44:52.722,"875","18.78","53.79",
01/16/23 7:45:52.715,"870","18.76","53.85",
01/16/23 7:46:52.719,"872","18.74","53.85",
01/16/23 7:47:52.715,"863","18.73","53.82",
01/16/23 7:48:52.717,"868","18.73","53.82",
01/16/23 7:49:52.722,"872","18.7","53.91",
01/16/23 7:50:52.726,"887","18.71","53.97",
01/16/23 7:51:52.713,"885","18.7","54.01",
01/16/23 7:52:52.724,"890","18.69","53.94",
01/16/23 7:53:52.714,"882","18.69","54.01",
01/16/23 7:54:52.722,"892","18.67","54.07",
01/16/23 7:55:52.726,"883","18.68","54.01",
01/16/23 7:56:52.727,"894","18.66","54.16",
01/16/23 7:57:52.718,"899","18.67","54.16",
01/16/23 7:58:52.724,"906","18.65","54.26",
01/16/23 7:59:52.715,"904","18.63","54.32",
01/16/23 8:00:52.721,"916","18.63","54.44",
01/16/23 8:01:52.729,"915","18.61","54.51",
01/16/23 8:02:52.722,"917","18.61","54.54",
01/16/23 8:03:52.726,"917","18.61","54.54",
01/16/23 8:04:52.715,"918","18.59","54.57",
01/16/23 8:05:52.718,"924","18.58","54.7",
01/16/23 8:06:52.724,"923","18.56","54.73",
01/16/23 8:07:52.716,"924","18.57","54.7",
01/16/23 8:08:52.724,"919","18.56","54.82",
01/16/23 8:09:52.716,"921","18.55","54.88",
01/16/23 8:10:52.725,"919","18.54","54.79",
01/16/23 8:11:52.715,"923","18.55","54.88",
01/16/23 8:12:52.724,"925","18.54","54.82",
01/16/23 8:13:52.729,"923","18.53","54.92",
01/16/23 8:14:52.716,"923","18.54","54.92",
01/16/23 8:15:52.721,"922","18.54","54.92",
01/16/23 8:16:52.723,"916","18.56","54.85",
01/16/23 8:17:52.717,"917","18.55","54.88",
01/16/23 8:18:52.719,"918","18.52","54.92",
01/16/23 8:19:52.730,"918","18.52","54.85",
01/16/23 8:20:52.718,"915","18.54","54.76",
01/16/23 8:21:52.720,"909","18.54","54.79",
01/16/23 8:22:52.728,"910","18.54","54.73",
01/16/23 8:23:52.720,"900","18.55","54.7",
01/16/23 8:24:52.729,"897","18.56","54.6",
01/16/23 8:25:52.720,"900","18.53","54.6",
01/16/23 8:26:52.722,"894","18.52","54.6",
01/16/23 8:27:52.723,"892","18.54","54.54",
01/16/23 8:28:52.721,"893","18.52","54.51",
01/16/23 8:29:52.716,"895","18.52","54.51",
01/16/23 8:30:52.720,"890","18.52","54.63",
01/16/23 8:31:52.723,"894","18.51","54.7",
01/16/23 8:32:52.720,"902","18.5","54.82",
01/16/23 8:33:52.724,"905","18.55","54.85",
01/16/23 8:34:52.731,"906","18.64","54.57",
01/16/23 8:35:52.721,"911","18.76","54.32",
01/16/23 8:36:52.722,"915","18.86","54.07",
01/16/23 8:37:52.717,"906","18.92","53.88",
01/16/23 8:38:52.727,"905","18.94","53.82",
01/16/23 8:39:52.719,"890","18.95","53.6",
01/16/23 8:40:52.727,"896","18.97","53.5",
01/16/23 8:41:52.730,"903","18.98","53.63",
01/16/23 8:42:52.724,"898","18.96","53.66",
01/16/23 8:43:52.729,"897","18.93","53.69",
01/16/23 8:44:52.717,"897","18.92","53.72",
01/16/23 8:45:52.721,"893","18.88","53.79",
01/16/23 8:46:52.723,"899","18.89","53.82",
01/16/23 8:47:52.727,"907","18.88","53.91",
01/16/23 8:48:52.719,"919","18.86","53.91",
01/16/23 8:49:52.725,"913","18.86","54.01",
01/16/23 8:50:52.729,"909","18.82","54.07",
01/16/23 8:51:52.719,"908","18.84","54.04",
01/16/23 8:52:52.729,"907","18.84","54.01",
01/16/23 8:53:52.718,"903","18.82","53.97",
01/16/23 8:54:52.725,"904","18.84","53.94",
01/16/23 8:55:52.731,"901","18.85","53.97",
01/16/23 8:56:52.721,"907","18.88","54.01",
01/16/23 8:57:52.730,"907","18.89","54.16",
01/16/23 8:58:52.724,"908","18.86","54.04",
01/16/23 8:59:52.729,"906","18.9","53.97",
01/16/23 9:00:52.722,"908","18.94","53.97",
01/16/23 9:01:52.726,"910","18.93","53.94",
01/16/23 9:02:52.730,"911","18.94","53.97",
01/16/23 9:03:52.722,"909","18.95","53.97",
01/16/23 9:04:52.725,"906","18.93","53.88",
01/16/23 9:05:52.724,"909","18.93","53.85",
01/16/23 9:06:52.730,"908","18.96","53.91",
01/16/23 9:07:52.723,"903","18.93","53.91",
01/16/23 9:08:52.732,"899","18.91","53.97",
01/16/23 9:09:52.725,"913","18.91","54.16",
01/16/23 9:10:52.719,"910","18.92","54.1",
01/16/23 9:11:52.723,"916","18.93","54.32",
01/16/23 9:12:52.730,"975","18.94","54.44",
01/16/23 9:13:52.721,"972","18.95","54.63",
01/16/23 9:14:52.723,"971","18.94","54.54",
01/16/23 9:15:52.728,"1023","18.98","55.07",
01/16/23 9:16:52.732,"1037","19","55.17",
01/16/23 9:17:52.721,"1025","18.95","55.26",
01/16/23 9:18:52.724,"1003","18.98","54.98",
01/16/23 9:19:52.728,"1010","18.99","54.79",
01/16/23 9:20:52.732,"1011","19.02","54.66",
01/16/23 9:21:52.721,"1015","18.98","54.76",
01/16/23 9:22:52.729,"1014","18.97","54.79",
01/16/23 9:23:52.722,"1008","18.94","54.73",
01/16/23 9:24:52.730,"1005","18.96","54.7",
01/16/23 9:25:52.735,"1000","18.98","54.51",
01/16/23 9:26:52.733,"1001","18.99","54.54",
01/16/23 9:27:52.731,"990","18.97","54.44",
01/16/23 9:28:52.727,"994","18.98","54.44",
01/16/23 9:29:52.733,"985","18.99","54.32",
01/16/23 9:30:52.724,"985","19.02","54.26",
01/16/23 9:31:52.728,"985","19.01","54.26",
01/16/23 9:32:52.733,"981","19.01","54.22",
01/16/23 9:33:52.723,"970","19","54.19",
01/16/23 9:34:52.731,"979","19","54.19",
01/16/23 9:35:52.723,"975","19","54.1",
01/16/23 9:36:52.727,"978","18.98","54.16",
01/16/23 9:37:52.721,"985","19.02","54.26",
01/16/23 9:38:52.731,"988","19.02","54.26",
01/16/23 9:39:52.735,"987","18.96","54.32",
01/16/23 9:40:52.729,"985","19.01","54.32",
01/16/23 9:41:52.734,"980","19","54.29",
01/16/23 9:42:52.726,"977","19","54.26",
01/16/23 9:43:52.733,"983","19.01","54.19",
01/16/23 9:44:52.724,"979","18.99","54.26",
01/16/23 9:45:52.728,"971","19","54.26",
01/16/23 9:46:52.732,"971","18.99","54.26",
01/16/23 9:47:52.734,"968","18.94","54.38",
01/16/23 9:48:52.724,"953","18.96","54.32",
01/16/23 9:49:52.729,"965","18.93","54.51",
01/16/23 9:50:52.731,"956","19","54.48",
01/16/23 9:51:52.734,"954","19.06","54.29",
01/16/23 9:52:52.727,"947","19.17","54.01",
01/16/23 9:53:52.729,"932","19.23","53.72",
01/16/23 9:54:52.736,"931","19.24","53.53",
01/16/23 9:55:52.725,"925","19.3","53.38",
01/16/23 9:56:52.729,"915","19.3","53.41",
01/16/23 9:57:52.737,"917","19.31","53.38",
01/16/23 9:58:52.728,"916","19.3","53.38",
01/16/23 9:59:52.735,"912","19.3","53.32",
01/16/23 10:00:52.725,"911","19.26","53.35",
01/16/23 10:01:52.729,"905","19.28","53.35",
01/16/23 10:02:52.734,"904","19.26","53.32",
01/16/23 10:03:52.738,"900","19.28","53.32",
01/16/23 10:04:52.726,"899","19.23","53.32",
01/16/23 10:05:52.730,"897","19.25","53.32",
01/16/23 10:06:52.734,"895","19.24","53.38",
01/16/23 10:07:52.727,"895","19.22","53.41",
01/16/23 10:08:52.734,"893","19.2","53.44",
01/16/23 10:09:52.732,"895","19.18","53.47",
01/16/23 10:10:52.724,"891","19.23","53.44",
01/16/23 10:11:52.727,"883","19.22","53.35",
01/16/23 10:12:52.735,"885","19.18","53.28",
01/16/23 10:13:52.739,"885","19.18","53.35",
01/16/23 10:14:52.726,"880","19.18","53.38",
01/16/23 10:15:52.736,"882","19.14","53.44",
01/16/23 10:16:52.727,"886","19.15","53.44",
01/16/23 10:17:52.738,"884","19.15","53.5",
01/16/23 10:18:52.729,"880","19.13","53.5",
01/16/23 10:19:52.726,"878","19.1","53.57",
01/16/23 10:20:52.740,"877","19.08","53.6",
01/16/23 10:21:52.732,"877","19.07","53.6",
01/16/23 10:22:52.736,"879","19.06","53.63",
01/16/23 10:23:52.738,"877","19.06","53.57",
01/16/23 10:24:52.730,"882","19.06","53.69",
01/16/23 10:25:52.726,"883","19.06","53.6",
01/16/23 10:26:52.731,"887","19.08","53.6",
01/16/23 10:27:52.736,"885","19.11","53.47",
01/16/23 10:28:52.731,"873","19.06","53.44",
01/16/23 10:29:52.729,"881","19.08","53.47",
01/16/23 10:30:52.734,"881","19.08","53.44",
01/16/23 10:31:52.739,"878","19.05","53.47",
01/16/23 10:32:52.739,"878","19.04","53.47",
01/16/23 10:33:52.737,"874","19.06","53.41",
01/16/23 10:34:52.736,"875","19.05","53.44",
01/16/23 10:35:52.738,"871","19.06","53.44",
01/16/23 10:36:52.737,"864","19.03","53.44",
01/16/23 10:37:52.741,"860","19.06","53.47",
01/16/23 10:38:52.739,"857","19.04","53.5",
01/16/23 10:39:52.733,"858","19.03","53.44",
01/16/23 10:40:52.736,"851","19.05","53.44",
01/16/23 10:41:52.737,"851","19.06","53.41",
01/16/23 10:42:52.729,"848","19.04","53.38",
01/16/23 10:43:52.731,"846","19.05","53.35",
01/16/23 10:44:52.730,"845","19.02","53.38",
01/16/23 10:45:52.742,"845","19.02","53.35",
01/16/23 10:46:52.737,"840","19.06","53.28",
01/16/23 10:47:52.733,"841","19.08","53.25",
01/16/23 10:48:52.734,"838","19.04","53.25",
01/16/23 10:49:52.728,"836","19.05","53.22",
01/16/23 10:50:52.738,"835","19.06","53.16",
01/16/23 10:51:52.733,"833","19.06","53.25",
01/16/23 10:52:52.742,"833","19.01","53.25",
01/16/23 10:53:52.739,"833","19.05","53.41",
01/16/23 10:54:52.731,"829","19.06","53.38",
01/16/23 10:55:52.735,"823","19.14","53.1",
01/16/23 10:56:52.739,"823","19.28","52.81",
01/16/23 10:57:52.729,"823","19.36","52.63",
01/16/23 10:58:52.735,"820","19.39","52.37",
01/16/23 10:59:52.740,"817","19.44","52.25",
01/16/23 11:00:52.728,"815","19.46","52.15",
01/16/23 11:01:52.732,"806","19.48","52.15",
01/16/23 11:02:52.738,"806","19.5","52.19",
01/16/23 11:03:52.742,"806","19.52","52.12",
01/16/23 11:04:52.730,"802","19.49","52.03",
01/16/23 11:05:52.737,"800","19.48","52.12",
01/16/23 11:06:52.739,"801","19.5","52.12",
01/16/23 11:07:52.732,"797","19.49","52.12",
01/16/23 11:08:52.740,"797","19.48","52.12",
01/16/23 11:09:52.732,"796","19.51","52.09",
01/16/23 11:10:52.736,"789","19.47","52.15",
01/16/23 11:11:52.738,"789","19.45","52.15",
01/16/23 11:12:52.744,"787","19.46","52.12",
01/16/23 11:13:52.733,"786","19.45","52.12",
01/16/23 11:14:52.740,"786","19.41","52.15",
01/16/23 11:15:52.729,"781","19.42","52.15",
01/16/23 11:16:52.735,"783","19.45","52.15",
01/16/23 11:17:52.744,"779","19.43","52.19",
01/16/23 11:18:52.736,"781","19.42","52.25",
01/16/23 11:19:52.731,"776","19.42","52.19",
01/16/23 11:20:52.736,"775","19.37","52.19",
01/16/23 11:21:52.738,"775","19.4","52.22",
01/16/23 11:22:52.735,"772","19.4","52.22",
01/16/23 11:23:52.737,"774","19.38","52.22",
01/16/23 11:24:52.740,"770","19.37","52.25",
01/16/23 11:25:52.735,"769","19.36","52.28",
01/16/23 11:26:52.743,"769","19.38","52.22",
01/16/23 11:27:52.733,"767","19.34","52.22",
01/16/23 11:28:52.731,"764","19.34","52.22",
01/16/23 11:29:52.730,"767","19.36","52.19",
01/16/23 11:30:52.735,"762","19.34","52.15",
01/16/23 11:31:52.734,"760","19.35","52.15",
01/16/23 11:32:52.745,"758","19.36","52.12",
01/16/23 11:33:52.744,"756","19.37","52.12",
01/16/23 11:34:52.732,"749","19.36","52.09",
01/16/23 11:35:52.739,"754","19.35","52.15",
01/16/23 11:36:52.734,"753","19.34","52.19",
01/16/23 11:37:52.744,"751","19.34","52.15",
01/16/23 11:38:52.734,"750","19.34","52.15",
01/16/23 11:39:52.742,"747","19.36","52.12",
01/16/23 11:40:52.737,"744","19.35","52.12",
01/16/23 11:41:52.735,"746","19.36","52.06",
01/16/23 11:42:52.741,"743","19.34","52.15",
01/16/23 11:43:52.742,"740","19.36","52",
01/16/23 11:44:52.745,"743","19.35","51.94",
01/16/23 11:45:52.744,"738","19.39","51.94",
01/16/23 11:46:52.737,"737","19.38","51.94",
01/16/23 11:47:52.735,"735","19.39","51.97",
01/16/23 11:48:52.739,"735","19.37","51.94",
01/16/23 11:49:52.741,"732","19.41","51.9",
01/16/23 11:50:52.743,"733","19.38","51.9",
01/16/23 11:51:52.735,"734","19.4","51.87",
01/16/23 11:52:52.737,"727","19.4","51.9",
01/16/23 11:53:52.744,"728","19.34","51.9",
01/16/23 11:54:52.731,"730","19.41","51.9",
01/16/23 11:55:52.740,"727","19.43","51.81",
01/16/23 11:56:52.742,"723","19.46","51.78",
01/16/23 11:57:52.732,"728","19.44","51.72",
01/16/23 11:58:52.735,"727","19.43","51.72",
01/16/23 11:59:52.740,"726","19.44","51.68",
01/16/23 12:00:52.746,"723","19.43","51.68",
01/16/23 12:01:52.736,"723","19.45","51.68",
01/16/23 12:02:52.743,"723","19.4","51.68",
01/16/23 12:03:52.732,"721","19.45","51.68",
01/16/23 12:04:52.733,"722","19.43","51.68",
01/16/23 12:05:52.737,"723","19.41","51.78",
01/16/23 12:06:52.738,"721","19.41","51.78",
01/16/23 12:07:52.747,"719","19.42","51.75",
01/16/23 12:08:52.742,"719","19.42","51.72",
01/16/23 12:09:52.732,"720","19.4","51.78",
01/16/23 12:10:52.735,"721","19.39","51.94",
01/16/23 12:11:52.739,"721","19.38","52.09",
01/16/23 12:12:52.735,"721","19.38","52.06",
01/16/23 12:13:52.740,"725","19.52","51.94",
01/16/23 12:14:52.736,"726","19.61","51.62",
01/16/23 12:15:52.740,"723","19.69","51.43",
01/16/23 12:16:52.743,"724","19.77","51.28",
01/16/23 12:17:52.734,"715","19.78","51.18",
01/16/23 12:18:52.737,"718","19.79","51.15",
01/16/23 12:19:52.739,"709","19.76","51.12",
01/16/23 12:20:52.747,"713","19.78","51.09",
01/16/23 12:21:52.740,"706","19.77","51.06",
01/16/23 12:22:52.734,"708","19.78","51.06",
01/16/23 12:23:52.738,"705","19.73","51.06",
01/16/23 12:24:52.740,"703","19.78","51.06",
01/16/23 12:25:52.746,"702","19.71","51.06",
01/16/23 12:26:52.734,"703","19.7","51.21",
01/16/23 12:27:52.746,"701","19.68","51.25",
01/16/23 12:28:52.746,"705","19.71","51.31",
01/16/23 12:29:52.742,"703","19.68","51.31",
01/16/23 12:30:52.748,"703","19.67","51.31",
01/16/23 12:31:52.743,"700","19.65","51.28",
01/16/23 12:32:52.744,"703","19.7","51.28",
01/16/23 12:33:52.738,"701","19.66","51.28",
01/16/23 12:34:52.745,"701","19.7","51.28",
01/16/23 12:35:52.746,"697","19.68","51.25",
01/16/23 12:36:52.748,"698","19.67","51.31",
01/16/23 12:37:52.737,"689","19.66","51.31",
01/16/23 12:38:52.744,"689","19.69","51.34",
01/16/23 12:39:52.748,"689","19.72","51.31",
01/16/23 12:40:52.746,"685","19.68","51.31",
01/16/23 12:41:52.736,"682","19.66","51.37",
01/16/23 12:42:52.741,"686","19.66","51.34",
01/16/23 12:43:52.748,"683","19.61","51.4",
01/16/23 12:44:52.735,"679","19.62","51.4",
01/16/23 12:45:52.738,"681","19.64","51.34",
01/16/23 12:46:52.741,"680","19.64","51.34",
01/16/23 12:47:52.746,"680","19.64","51.31",
01/16/23 12:48:52.737,"673","19.65","51.34",
01/16/23 12:49:52.740,"677","19.65","51.37",
01/16/23 12:50:52.744,"669","19.64","51.31",
01/16/23 12:51:52.747,"673","19.66","51.25",
01/16/23 12:52:52.745,"669","19.69","51.28",
01/16/23 12:53:52.737,"669","19.68","51.28",
01/16/23 12:54:52.742,"670","19.66","51.28",
01/16/23 12:55:52.746,"670","19.62","51.21",
01/16/23 12:56:52.749,"670","19.61","51.21",
01/16/23 12:57:52.740,"668","19.62","51.25",
01/16/23 12:58:52.745,"662","19.66","51.21",
01/16/23 12:59:52.749,"665","19.66","51.21",
01/16/23 13:00:52.738,"663","19.67","51.12",
01/16/23 13:01:52.744,"662","19.68","51.12",
01/16/23 13:02:52.748,"662","19.68","51.09",
01/16/23 13:03:52.738,"662","19.68","51.06",
01/16/23 13:04:52.742,"657","19.72","50.99",
01/16/23 13:05:52.747,"657","19.71","50.93",
01/16/23 13:06:52.751,"657","19.72","50.93",
01/16/23 13:07:52.745,"655","19.69","50.93",
01/16/23 13:08:52.741,"654","19.68","50.9",
01/16/23 13:09:52.751,"652","19.68","50.93",
01/16/23 13:10:52.740,"653","19.67","50.99",
01/16/23 13:11:52.743,"654","19.64","51.03",
01/16/23 13:12:52.739,"648","19.66","51.06",
01/16/23 13:13:52.747,"650","19.62","51.06",
01/16/23 13:14:52.750,"649","19.64","51.12",
01/16/23 13:15:52.738,"646","19.6","51.12",
01/16/23 13:16:52.742,"646","19.64","51.15",
01/16/23 13:17:52.745,"644","19.63","51.12",
01/16/23 13:18:52.742,"642","19.67","51.15",
01/16/23 13:19:52.743,"643","19.63","51.18",
01/16/23 13:20:52.739,"641","19.62","51.12",
01/16/23 13:21:52.748,"643","19.61","51.12",
01/16/23 13:22:52.737,"640","19.59","51.15",
01/16/23 13:23:52.746,"640","19.58","51.15",
01/16/23 13:24:52.745,"637","19.6","51.15",
01/16/23 13:25:52.741,"637","19.57","51.18",
01/16/23 13:26:52.740,"637","19.56","51.21",
01/16/23 13:27:52.752,"637","19.58","51.21",
01/16/23 13:28:52.738,"638","19.56","51.15",
01/16/23 13:29:52.740,"636","19.57","51.25",
01/16/23 13:30:52.749,"633","19.57","51.21",
01/16/23 13:31:52.745,"635","19.56","51.25",
01/16/23 13:32:52.745,"633","19.55","51.25",
01/16/23 13:33:52.745,"636","19.55","51.25",
01/16/23 13:34:52.746,"633","19.57","51.18",
01/16/23 13:35:52.743,"630","19.56","51.18",
01/16/23 13:36:52.750,"631","19.56","51.15",
01/16/23 13:37:52.747,"631","19.57","51.12",
01/16/23 13:38:52.749,"626","19.5","51.06",
01/16/23 13:39:52.741,"628","19.58","51.12",
01/16/23 13:40:52.747,"631","19.52","51.21",
01/16/23 13:41:52.752,"624","19.5","51.46",
01/16/23 13:42:52.742,"623","19.48","51.56",
01/16/23 13:43:52.749,"625","19.54","51.4",
01/16/23 13:44:52.739,"622","19.68","51.25",
01/16/23 13:45:52.743,"625","19.74","51.03",
01/16/23 13:46:52.746,"618","19.77","50.87",
01/16/23 13:47:52.751,"621","19.84","50.74",
01/16/23 13:48:52.739,"615","19.86","50.71",
01/16/23 13:49:52.743,"615","19.86","50.62",
01/16/23 13:50:52.747,"613","19.84","50.65",
01/16/23 13:51:52.750,"615","19.84","50.74",
01/16/23 13:52:52.740,"617","19.8","50.74",
01/16/23 13:53:52.743,"612","19.8","50.77",
01/16/23 13:54:52.747,"614","19.8","50.77",
01/16/23 13:55:52.752,"618","19.78","50.81",
01/16/23 13:56:52.754,"615","19.78","50.9",
01/16/23 13:57:52.746,"613","19.73","50.87",
01/16/23 13:58:52.748,"614","19.77","50.9",
01/16/23 13:59:52.751,"613","19.7","50.99",
01/16/23 14:00:52.740,"609","19.72","50.96",
01/16/23 14:01:52.743,"611","19.68","51.06",
01/16/23 14:02:52.749,"608","19.66","51.09",
01/16/23 14:03:52.753,"610","19.67","51.12",
01/16/23 14:04:52.741,"610","19.67","51.12",
01/16/23 14:05:52.744,"608","19.64","51.15",
01/16/23 14:06:52.748,"608","19.64","51.12",
01/16/23 14:07:52.745,"607","19.66","51.09",
01/16/23 14:08:52.753,"606","19.68","51.12",
01/16/23 14:09:52.746,"606","19.68","51.06",
01/16/23 14:10:52.750,"604","19.63","51.06",
01/16/23 14:11:52.754,"606","19.64","51.06",
01/16/23 14:12:52.744,"601","19.62","51.06",
01/16/23 14:13:52.749,"599","19.63","51.09",
01/16/23 14:14:52.752,"600","19.65","51.06",
01/16/23 14:15:52.757,"603","19.66","51.12",
01/16/23 14:16:52.744,"600","19.7","51.06",
01/16/23 14:17:52.748,"602","19.64","51.09",
01/16/23 14:18:52.752,"599","19.66","51.09",
01/16/23 14:19:52.743,"600","19.65","51.09",
01/16/23 14:20:52.747,"597","19.63","51.15",
01/16/23 14:21:52.751,"598","19.62","51.15",
01/16/23 14:22:52.744,"597","19.63","51.18",
01/16/23 14:23:52.755,"597","19.59","51.21",
01/16/23 14:24:52.749,"595","19.6","51.21",
01/16/23 14:25:52.755,"592","19.58","51.25",
01/16/23 14:26:52.744,"593","19.55","51.25",
01/16/23 14:27:52.745,"592","19.56","51.25",
01/16/23 14:28:52.748,"592","19.52","51.31",
01/16/23 14:29:52.750,"591","19.56","51.31",
01/16/23 14:30:52.744,"589","19.5","51.34",
01/16/23 14:31:52.747,"589","19.54","51.34",
01/16/23 14:32:52.754,"588","19.52","51.34",
01/16/23 14:33:52.746,"591","19.49","51.37",
01/16/23 14:34:52.747,"591","19.5","51.4",
01/16/23 14:35:52.755,"586","19.5","51.43",
01/16/23 14:36:52.758,"585","19.46","51.46",
01/16/23 14:37:52.750,"587","19.45","51.5",
01/16/23 14:38:52.744,"588","19.46","51.5",
01/16/23 14:39:52.751,"587","19.48","51.46",
01/16/23 14:40:52.757,"586","19.48","51.4",
01/16/23 14:41:52.746,"585","19.48","51.4",
01/16/23 14:42:52.751,"585","19.46","51.37",
01/16/23 14:43:52.748,"582","19.49","51.37",
01/16/23 14:44:52.753,"583","19.48","51.37",
01/16/23 14:45:52.750,"585","19.47","51.37",
01/16/23 14:46:52.748,"585","19.44","51.37",
01/16/23 14:47:52.758,"582","19.47","51.4",
01/16/23 14:48:52.755,"581","19.46","51.43",
01/16/23 14:49:52.751,"579","19.46","51.43",
01/16/23 14:50:52.757,"577","19.43","51.43",
01/16/23 14:51:52.746,"579","19.46","51.4",
01/16/23 14:52:52.757,"577","19.41","51.43",
01/16/23 14:53:52.750,"580","19.44","51.46",
01/16/23 14:54:52.757,"581","19.44","51.46",
01/16/23 14:55:52.748,"580","19.4","51.5",
01/16/23 14:56:52.751,"578","19.38","51.5",
01/16/23 14:57:52.758,"577","19.39","51.56",
01/16/23 14:58:52.749,"575","19.36","51.53",
01/16/23 14:59:52.755,"577","19.3","51.68",
01/16/23 15:00:52.759,"573","19.28","51.78",
01/16/23 15:01:52.748,"574","19.28","51.94",
01/16/23 15:02:52.756,"576","19.34","51.9",
01/16/23 15:03:52.758,"575","19.4","51.75",
01/16/23 15:04:52.746,"580","19.49","51.56",
01/16/23 15:05:52.752,"576","19.55","51.43",
01/16/23 15:06:52.755,"574","19.6","51.31",
01/16/23 15:07:52.752,"572","19.62","51.18",
01/16/23 15:08:52.759,"571","19.67","51.09",
01/16/23 15:09:52.750,"570","19.66","51.12",
01/16/23 15:10:52.754,"569","19.69","51.12",
01/16/23 15:11:52.755,"570","19.69","51.12",
01/16/23 15:12:52.746,"572","19.64","51.06",
01/16/23 15:13:52.753,"569","19.64","51.06",
01/16/23 15:14:52.755,"564","19.65","51.12",
01/16/23 15:15:52.748,"567","19.63","51.09",
01/16/23 15:16:52.750,"570","19.62","51.15",
01/16/23 15:17:52.755,"567","19.6","51.18",
01/16/23 15:18:52.758,"568","19.62","51.18",
01/16/23 15:19:52.750,"565","19.59","51.18",
01/16/23 15:20:52.757,"567","19.59","51.25",
01/16/23 15:21:52.759,"563","19.56","51.28",
01/16/23 15:22:52.750,"563","19.54","51.28",
01/16/23 15:23:52.758,"561","19.52","51.34",
01/16/23 15:24:52.752,"563","19.49","51.37",
01/16/23 15:25:52.762,"564","19.49","51.4",
01/16/23 15:26:52.754,"561","19.48","51.43",
01/16/23 15:27:52.760,"563","19.46","51.43",
01/16/23 15:28:52.762,"560","19.45","51.46",
01/16/23 15:29:52.749,"563","19.44","51.5",
01/16/23 15:30:52.749,"562","19.44","51.5",
01/16/23 15:31:52.756,"561","19.41","51.56",
01/16/23 15:32:52.761,"561","19.41","51.56",
01/16/23 15:33:52.751,"560","19.41","51.56",
01/16/23 15:34:52.756,"559","19.41","51.56",
01/16/23 15:35:52.748,"560","19.4","51.59",
01/16/23 15:36:52.753,"556","19.37","51.62",
01/16/23 15:37:52.751,"557","19.37","51.56",
01/16/23 15:38:52.761,"556","19.34","51.62",
01/16/23 15:39:52.754,"556","19.36","51.65",
01/16/23 15:40:52.759,"557","19.35","51.68",
01/16/23 15:41:52.749,"556","19.34","51.68",
01/16/23 15:42:52.758,"556","19.32","51.68",
01/16/23 15:43:52.751,"557","19.34","51.62",
01/16/23 15:44:52.756,"557","19.34","51.62",
01/16/23 15:45:52.759,"555","19.32","51.68",
01/16/23 15:46:52.763,"558","19.31","51.68",
01/16/23 15:47:52.759,"556","19.32","51.68",
01/16/23 15:48:52.748,"555","19.3","51.68",
01/16/23 15:49:52.752,"559","19.29","51.72",
01/16/23 15:50:52.757,"558","19.32","51.62",
01/16/23 15:51:52.761,"558","19.26","51.68",
01/16/23 15:52:52.760,"568","19.27","51.68",
01/16/23 15:53:52.763,"572","19.26","51.59",
01/16/23 15:54:52.756,"571","19.25","51.68",
01/16/23 15:55:52.762,"571","19.24","51.75",
01/16/23 15:56:52.749,"581","19.24","51.84",
01/16/23 15:57:52.757,"581","19.23","51.81",
01/16/23 15:58:52.750,"580","19.23","51.81",
01/16/23 15:59:52.757,"579","19.23","51.84",
01/16/23 16:00:52.749,"579","19.24","51.87",
01/16/23 16:01:52.754,"582","19.22","51.84",
01/16/23 16:02:52.763,"580","19.2","52",
01/16/23 16:03:52.764,"585","19.2","52.19",
01/16/23 16:04:52.760,"581","19.2","52.31",
01/16/23 16:05:52.752,"586","19.21","52.69",
01/16/23 16:06:52.756,"592","19.18","53",
01/16/23 16:07:52.750,"589","19.18","52.88",
01/16/23 16:08:52.758,"586","19.2","52.84",
01/16/23 16:09:52.764,"593","19.2","53.19",
01/16/23 16:10:52.756,"591","19.19","53.38",
01/16/23 16:11:52.762,"587","19.2","53.19",
01/16/23 16:12:52.754,"585","19.2","53.35",
01/16/23 16:13:52.763,"589","19.22","53.53",
01/16/23 16:14:52.752,"586","19.21","53.69",
01/16/23 16:15:52.787,"592","19.22","53.75",
01/16/23 16:16:52.807,"593","19.22","54.01",
01/16/23 16:17:52.752,"592","19.21","54.22",
01/16/23 16:18:52.819,"592","19.22","54.44",
01/16/23 16:19:52.868,"598","19.21","56.04",
01/16/23 16:20:52.856,"596","19.25","55.61",
01/16/23 16:21:52.922,"599","19.22","55.95",
01/16/23 16:22:53.151,"602","19.23","55.98",
01/16/23 16:23:53.284,"605","19.22","56.45",
01/16/23 16:24:53.358,"605","19.23","56.33",
01/16/23 16:25:53.488,"644","19.26","56.95",
01/16/23 16:26:53.680,"633","19.32","56.2",
01/16/23 16:27:53.928,"638","19.43","55.89",
01/16/23 16:28:54.174,"631","19.53","55.39",
01/16/23 16:29:54.380,"616","19.55","55.01",
01/16/23 16:30:54.968,"615","19.56","54.7",
01/16/23 16:31:55.147,"615","19.57","54.63",
01/16/23 16:32:55.495,"610","19.58","54.48",
01/16/23 16:33:55.780,"604","19.56","54.44",
01/16/23 16:34:56.080,"599","19.53","54.41",
01/16/23 16:35:56.429,"609","19.5","54.44",
01/16/23 16:36:56.689,"605","19.48","54.57",
01/16/23 16:37:57.269,"604","19.47","54.6",
01/16/23 16:38:57.651,"610","19.44","54.66",
01/16/23 16:39:58.067,"606","19.42","54.7",
01/16/23 16:40:58.512,"608","19.4","54.76",
01/16/23 16:41:58.955,"613","19.4","54.73",
01/16/23 16:42:59.372,"613","19.38","54.76",
01/16/23 16:43:59.847,"614","19.36","54.79",
01/16/23 16:45:00.380,"611","19.36","54.76",
01/16/23 16:46:00.895,"608","19.34","54.7",
01/16/23 16:47:01.398,"613","19.33","54.76",
01/16/23 16:48:01.825,"624","19.32","54.85",
01/16/23 16:49:02.315,"626","19.31","54.85",
01/16/23 16:50:02.866,"619","19.3","54.82",
01/16/23 16:51:03.388,"624","19.28","54.79",
01/16/23 16:52:03.987,"626","19.28","54.76",
01/16/23 16:53:04.624,"623","19.26","54.82",
01/16/23 16:54:05.195,"616","19.26","54.76",
01/16/23 16:55:05.921,"618","19.25","54.76",
01/16/23 16:56:06.583,"611","19.25","54.66",
01/16/23 16:57:07.214,"616","19.22","54.63",
01/16/23 16:58:07.830,"617","19.23","54.66",
01/16/23 16:59:08.567,"617","19.22","54.57",
01/16/23 17:00:09.231,"619","19.2","54.57",
01/16/23 17:01:10.049,"613","19.18","54.57",
01/16/23 17:02:10.774,"615","19.18","54.57",
01/16/23 17:03:11.483,"613","19.16","54.57",
01/16/23 17:04:12.252,"614","19.14","54.6",
01/16/23 17:05:13.023,"615","19.14","54.57",
01/16/23 17:06:13.795,"611","19.14","54.44",
01/16/23 17:07:14.632,"618","19.13","54.44",
01/16/23 17:08:15.452,"614","19.1","54.48",
01/16/23 17:09:16.208,"613","19.1","54.44",
01/16/23 17:10:17.030,"618","19.08","54.41",
01/16/23 17:11:17.911,"611","19.08","54.35",
01/16/23 17:12:18.798,"615","19.07","54.35",
01/16/23 17:13:19.697,"617","19.05","54.38",
01/16/23 17:14:20.530,"618","19.05","54.35",
01/16/23 17:15:21.442,"614","19.04","54.38",
01/16/23 17:16:22.366,"614","19.04","54.38",
01/16/23 17:17:23.293,"618","19.02","54.35",
01/16/23 17:18:24.316,"617","19.04","54.32",
01/16/23 17:19:25.274,"613","19.04","54.32",
01/16/23 17:20:26.200,"618","19.03","54.32",
01/16/23 17:21:27.250,"615","19.01","54.35",
01/16/23 17:22:28.366,"616","19","54.32",
01/16/23 17:23:29.391,"616","19.02","54.26",
01/16/23 17:24:30.527,"615","19","54.29",
01/16/23 17:25:31.663,"616","18.99","54.29",
01/16/23 17:26:32.762,"609","18.98","54.29",
01/16/23 17:27:33.902,"613","18.99","54.16",
01/16/23 17:28:35.002,"610","18.94","54.26",
01/16/23 17:29:36.118,"613","18.94","54.16",
01/16/23 17:30:37.479,"613","18.94","54.19",
01/16/23 17:31:38.629,"614","18.91","54.22",
01/16/23 17:32:39.808,"616","18.92","54.22",
01/16/23 17:33:41.031,"612","18.92","54.19",
01/16/23 17:34:42.300,"611","18.91","54.16",
01/16/23 17:35:43.638,"611","18.89","54.13",
01/16/23 17:36:45.049,"614","18.89","54.19",
01/16/23 17:37:46.435,"612","18.91","54.07",
01/16/23 17:38:47.821,"639","18.94","54.51",
01/16/23 17:39:49.221,"629","18.99","54.19",
01/16/23 17:40:50.538,"622","19.12","53.88",
01/16/23 17:41:51.872,"620","19.25","53.57",
01/16/23 17:42:53.332,"616","19.28","53.38",
01/16/23 17:43:54.652,"616","19.32","53.19",
01/16/23 17:44:56.056,"609","19.34","53.16",
01/16/23 17:45:57.503,"611","19.34","53.03",
01/16/23 17:46:58.935,"606","19.32","53.03",
01/16/23 17:48:00.337,"606","19.31","53.06",
01/16/23 17:49:01.816,"609","19.28","53.16",
01/16/23 17:50:03.250,"607","19.26","53.25",
01/16/23 17:51:04.764,"602","19.26","53.32",
01/16/23 17:52:06.337,"602","19.24","53.38",
01/16/23 17:53:07.898,"607","19.22","53.44",
01/16/23 17:54:09.472,"603","19.2","53.5",
01/16/23 17:55:11.150,"610","19.18","53.53",
01/16/23 17:56:12.843,"605","19.18","53.47",
01/16/23 17:57:14.443,"606","19.16","53.53",
01/16/23 17:58:16.089,"607","19.13","53.57",
01/16/23 17:59:17.842,"609","19.12","53.57",
01/16/23 18:00:19.614,"612","19.1","53.6",
01/16/23 18:01:21.398,"607","19.08","53.66",
01/16/23 18:02:23.173,"616","19.08","53.63",
01/16/23 18:03:24.943,"614","19.06","53.6",
01/16/23 18:04:26.728,"615","19.07","53.57",
01/16/23 18:05:28.575,"613","19.04","53.63",
01/16/23 18:06:30.454,"617","19.05","53.6",
01/16/23 18:07:32.416,"616","19.02","53.6",
01/16/23 18:08:34.315,"614","19","53.6",
01/16/23 18:09:36.305,"619","18.98","53.63",
01/16/23 18:10:38.232,"621","18.99","53.63",
01/16/23 18:11:40.143,"621","18.99","53.6",
01/16/23 18:12:42.119,"619","18.96","53.6",
01/16/23 18:13:44.107,"624","18.95","53.6",
01/16/23 18:14:46.189,"620","18.94","53.66",
01/16/23 18:15:48.272,"613","18.94","53.66",
01/16/23 18:16:50.324,"618","18.96","53.69",
01/16/23 18:17:52.297,"622","18.95","53.72",
01/16/23 18:18:54.473,"622","18.95","53.63",
01/16/23 18:19:56.555,"624","18.92","53.63",
01/16/23 18:20:58.683,"620","18.94","53.63",
01/16/23 18:22:00.766,"619","18.92","53.63",
01/16/23 18:23:02.975,"613","18.94","53.57",
01/16/23 18:24:05.076,"613","18.9","53.63",
01/16/23 18:25:07.223,"612","18.9","53.57",
01/16/23 18:26:09.288,"612","18.9","53.6",
01/16/23 18:27:11.549,"608","18.88","53.57",
01/16/23 18:28:13.786,"607","18.86","53.53",
01/16/23 18:29:16.039,"607","18.84","53.57",
01/16/23 18:30:18.297,"605","18.85","53.57",
01/16/23 18:31:20.638,"607","18.83","53.53",
01/16/23 18:32:22.908,"607","18.81","53.57",
01/16/23 18:33:25.193,"604","18.8","53.6",
01/16/23 18:34:27.431,"623","18.8","53.88",
01/16/23 18:35:30.482,"661","18.84","53.63",
01/16/23 18:36:32.988,"630","18.85","53.38",
01/16/23 18:37:35.693,"617","18.84","53.22",
01/16/23 18:38:38.405,"626","18.84","53.32",
01/16/23 18:39:40.807,"639","18.85","53.44",
01/16/23 18:40:43.341,"628","18.94","53.25",
01/16/23 18:41:45.831,"626","19.05","53",
01/16/23 18:42:48.371,"614","19.14","52.75",
01/16/23 18:43:50.960,"613","19.18","52.63",
01/16/23 18:44:53.497,"614","19.2","52.5",
01/16/23 18:45:56.081,"613","19.2","52.53",
01/16/23 18:46:58.617,"620","19.2","52.53",
01/16/23 18:48:02.039,"617","19.19","52.56",
01/16/23 18:49:04.655,"620","19.19","52.63",
01/16/23 18:50:07.381,"627","19.15","52.72",
01/16/23 18:51:10.183,"625","19.13","52.84",
01/16/23 18:52:12.936,"621","19.14","52.81",
01/16/23 18:53:15.634,"622","19.12","52.94",
01/16/23 18:54:18.331,"623","19.12","52.97",
01/16/23 18:55:20.974,"619","19.1","53.06",
01/16/23 18:56:23.728,"621","19.09","53.16",
01/16/23 18:57:26.323,"618","19.08","53.25",
01/16/23 18:58:29.018,"620","19.07","53.57",
01/16/23 18:59:31.703,"621","19.06","53.57",
01/16/23 19:00:34.406,"623","19.06","53.69",
01/16/23 19:01:37.105,"621","19.04","53.72",
01/16/23 19:02:39.766,"631","19.04","54.07",
01/16/23 19:03:42.464,"631","19.04","54.29",
01/16/23 19:04:45.179,"634","19.02","55.17",
01/16/23 19:05:47.851,"632","19.02","55.01",
01/16/23 19:06:50.582,"637","19.04","55.07",
01/16/23 19:07:53.431,"645","19.03","56.2",
01/16/23 19:08:56.171,"643","19.02","57.49",
01/16/23 19:09:58.936,"647","19","57.93",
01/16/23 19:11:01.830,"650","19","58.46",
01/16/23 19:12:04.655,"652","19.01","58.59",
01/16/23 19:13:07.521,"656","18.99","58.49",
01/16/23 19:14:10.533,"665","18.97","58.65",
01/16/23 19:15:13.680,"657","18.98","59.44",
01/16/23 19:16:16.732,"662","18.96","59.26",
01/16/23 19:17:19.736,"662","18.94","59.53",
01/16/23 19:18:22.786,"659","18.94","59.53",
01/16/23 19:19:25.790,"658","18.91","59.5",
01/16/23 19:20:28.828,"656","18.92","59.53",
01/16/23 19:21:31.867,"657","18.92","59.47",
01/16/23 19:22:34.849,"659","18.92","59.32",
01/16/23 19:23:37.872,"657","18.9","59.17",
01/16/23 19:24:40.825,"652","18.91","59.23",
01/16/23 19:25:43.858,"650","18.92","59.14",
01/16/23 19:26:46.932,"650","18.89","59.23",
01/16/23 19:27:50.090,"651","18.9","59.26",
01/16/23 19:28:53.248,"652","18.87","59.38",
01/16/23 19:29:56.282,"647","18.86","59.53",
01/16/23 19:30:59.382,"649","18.86","59.59",
01/16/23 19:32:02.589,"650","18.84","59.66",
01/16/23 19:33:05.722,"648","18.82","59.69",
01/16/23 19:34:08.993,"647","18.8","59.72",
01/16/23 19:35:12.256,"647","18.81","59.72",
01/16/23 19:36:15.829,"646","18.77","59.81",
01/16/23 19:37:19.173,"646","18.76","59.78",
01/16/23 19:38:22.469,"643","18.75","59.81",
01/16/23 19:39:25.741,"647","18.75","59.69",
01/16/23 19:40:29.014,"644","18.74","59.75",
01/16/23 19:41:32.318,"645","18.74","59.66",
01/16/23 19:42:35.561,"645","18.73","59.72",
01/16/23 19:43:35.443,"644","18.72","59.62",
01/16/23 19:44:38.804,"644","18.71","59.69",
01/16/23 19:45:42.261,"650","18.74","59.59",
01/16/23 19:46:45.640,"644","18.78","59.87",
01/16/23 19:47:48.896,"645","18.91","59.75",
01/16/23 19:48:52.227,"647","19.03","59.59",
01/16/23 19:49:55.546,"648","19.07","58.95",
01/16/23 19:50:58.942,"648","19.09","58.52",
01/16/23 19:52:02.387,"802","19.1","58.83",
01/16/23 19:53:09.285,"684","19.07","58.95",
